time,COR_Status,Controller_Mode,EStop_State,Machine_Mode,avail,dev_asset_chg,dev_asset_rem,Block_Number,Current_Tool,Execution,Part_Count,Program_Name_Editing,Program_Name_Running,Machine_Time,Spindle_Time,energy,watt,Feed_Override,Feed_Rate,Program_Runtime_Seconds,Rapid_Override,Rapid_Speed,S_Axis_Load,Spindle_Override,Spindle_Speed,smapeak,smarms,smcrest,smdisp,smvrms,X_Axis_Load,X_Position,xmapeak,xmarms,xmcrest,xmdisp,xmvrms,Y_Axis_Load,Y_Position,ymapeak,ymarms,ymcrest,ymdisp,ymvrms,Z_Axis_Load,Z_Position,zmapeak,zmarms,zmcrest,zmdisp,zmvrms
0.0,1,AUTO,ARMED,4,AVAILABLE,UNAVAILABLE,UNAVAILABLE,0,7,ERROR,11,F1_N2-A3.NC,F1_N2-A3.NC,2076377.993,194564.758,5711.3,2052.4253,100,0.0,36,100,0,0,100,0.0,2855.49,51.4807,55.4672,5.65745e-05,0.0148191,0,572.9846276,3144.54,34.1583,92.0579,4.35658e-05,0.0129099,0,293.8201417,384.272,49.1268,7.82204,8.18719e-05,0.0163668,7,-30.31977879,192.286,30.1098,6.38616,4.66588e-05,0.0135256
0.147147,1,AUTO,ARMED,4,AVAILABLE,UNAVAILABLE,UNAVAILABLE,0,7,ERROR,11,F1_N2-A3.NC,F1_N2-A3.NC,2076377.993,194564.758,5711.3,2052.4253,100,0.0,36,100,0,0,100,0.0,2855.49,51.4807,55.4672,5.65745e-05,0.0148191,0,572.9846204,3144.54,34.1583,92.0579,4.35658e-05,0.0129099,0,293.8201488,384.272,49.1268,7.82204,8.18719e-05,0.0163668,7,-30.31977879,192.286,30.1098,6.38616,4.66588e-05,0.0135256
0.284024,1,AUTO,ARMED,4,AVAILABLE,UNAVAILABLE,UNAVAILABLE,0,7,ERROR,11,F1_N2-A3.NC,F1_N2-A3.NC,2076377.993,194564.758,5711.3,2052.4253,100,0.0,36,100,0,0,100,0.0,2855.49,51.4807,55.4672,5.65745e-05,0.0148191,0,572.9846276,3144.54,34.1583,92.0579,4.35658e-05,0.0129099,0,293.8201417,384.272,49.1268,7.82204,8.18719e-05,0.0163668,7,-30.31977879,192.286,30.1098,6.38616,4.66588e-05,0.0135256
0.426342,1,AUTO,ARMED,4,AVAILABLE,UNAVAILABLE,UNAVAILABLE,0,7,ERROR,11,F1_N2-A3.NC,F1_N2-A3.NC,2076377.993,194564.758,5711.3,2052.4253,100,0.0,36,100,0,0,100,0.0,2855.49,51.4807,55.4672,5.65745e-05,0.0148191,0,572.9846276,3144.54,34.1583,92.0579,4.35658e-05,0.0129099,0,293.8201488,384.272,49.1268,7.82204,8.18719e-05,0.0163668,7,-30.31976735,192.286,30.1098,6.38616,4.66588e-05,0.0135256
0.574151,1,AUTO,ARMED,4,AVAILABLE,UNAVAILABLE,UNAVAILABLE,0,7,ERROR,11,F1_N2-A3.NC,F1_N2-A3.NC,2076377.993,194564.758,5711.3,2391.9006,100,0.0,36,100,0,0,100,0.0,2855.49,51.4807,55.4672,5.65745e-05,0.0148191,0,572.9846276,3144.54,34.1583,92.0579,4.35658e-05,0.0129099,0,293.8201488,384.272,49.1268,7.82204,8.18719e-05,0.0163668,7,-30.31977879,192.286,30.1098,6.38616,4.66588e-05,0.0135256
0.722809,1,AUTO,ARMED,5,AVAILABLE,UNAVAILABLE,UNAVAILABLE,0,7,ERROR,11,F1_N2-A3.NC,F1_N2-A3.NC,2076377.993,194564.758,5711.3,2391.9006,100,0.0,0,100,0,0,100,0.0,46263.8,1541.42,30.0138,0.000339283,0.35563,0,572.9846276,79909.8,895.42,89.2428,0.000304311,0.299713,0,293.8201488,5451.9,1471.24,3.70565,0.000121463,0.302122,7,-30.31977879,1321.99,160.037,8.26053,0.00048091,0.0947485
0.884989,1,AUTO,ARMED,5,AVAILABLE,UNAVAILABLE,UNAVAILABLE,4,7,ACTIVE,11,F1_N2-A3.NC,F1_N2-A3.NC,2076377.993,194564.758,5711.3,2391.9006,100,0.0,0,100,0,0,100,0.0,46263.8,1541.42,30.0138,0.000339283,0.35563,0,572.9846276,79909.8,895.42,89.2428,0.000304311,0.299713,0,293.8201488,5451.9,1471.24,3.70565,0.000121463,0.302122,7,-30.31976735,1321.99,160.037,8.26053,0.00048091,0.0947485
1.051741,1,AUTO,ARMED,5,AVAILABLE,UNAVAILABLE,UNAVAILABLE,4,7,ACTIVE,11,F1_N2-A3.NC,F1_N2-A3.NC,2076377.993,194564.758,5711.3,2391.9006,100,0.0,0,100,0,0,100,0.0,46263.8,1541.42,30.0138,0.000339283,0.35563,0,572.9846276,79909.8,895.42,89.2428,0.000304311,0.299713,0,293.8201488,5451.9,1471.24,3.70565,0.000121463,0.302122,7,-30.77213709,1321.99,160.037,8.26053,0.00048091,0.0947485
1.189333,1,AUTO,ARMED,5,AVAILABLE,UNAVAILABLE,UNAVAILABLE,6,7,ACTIVE,11,F1_N2-A3.NC,F1_N2-A3.NC,2076377.993,194564.758,5711.3,2391.9006,100,135.7333,0,100,0,0,100,0.0,46263.8,1541.42,30.0138,0.000339283,0.35563,0,572.9859939,79909.8,895.42,89.2428,0.000304311,0.299713,0,293.8209253,5451.9,1471.24,3.70565,0.000121463,0.302122,3,-42.73068351,1321.99,160.037,8.26053,0.00048091,0.0947485
1.333341,1,AUTO,ARMED,5,AVAILABLE,UNAVAILABLE,UNAVAILABLE,6,7,ACTIVE,11,F1_N2-A3.NC,F1_N2-A3.NC,2076377.993,194564.758,5711.3,2391.9006,100,135.7333,0,100,0,0,100,0.0,46263.8,1541.42,30.0138,0.000339283,0.35563,0,572.9846778,79909.8,895.42,89.2428,0.000304311,0.299713,0,293.8200956,5451.9,1471.24,3.70565,0.000121463,0.302122,3,-69.5347278,1321.99,160.037,8.26053,0.00048091,0.0947485
1.477509,1,AUTO,ARMED,5,AVAILABLE,UNAVAILABLE,UNAVAILABLE,6,7,ACTIVE,11,F1_N2-A3.NC,F1_N2-A3.NC,2076377.993,194564.758,5711.3,2391.9006,100,169.7,0,100,0,0,100,0.0,46263.8,1541.42,30.0138,0.000339283,0.35563,2,562.8390686,79909.8,895.42,89.2428,0.000304311,0.299713,1,286.4300802,5451.9,1471.24,3.70565,0.000121463,0.302122,14,-82.47530924,1321.99,160.037,8.26053,0.00048091,0.0947485
1.620096,1,AUTO,ARMED,5,AVAILABLE,UNAVAILABLE,UNAVAILABLE,7,7,ACTIVE,11,F1_N2-A3.NC,F1_N2-A3.NC,2076377.993,194564.758,5711.3,2391.9006,100,207.5667,0,100,0,0,100,0.0,46263.8,1541.42,30.0138,0.000339283,0.35563,0,543.3651319,79909.8,895.42,89.2428,0.000304311,0.299713,0,272.2457716,5451.9,1471.24,3.70565,0.000121463,0.302122,5,-82.47765493,1321.99,160.037,8.26053,0.00048091,0.0947485
1.763872,1,AUTO,ARMED,5,AVAILABLE,UNAVAILABLE,UNAVAILABLE,8,7,ACTIVE,11,F1_N2-A3.NC,F1_N2-A3.NC,2076377.993,194564.758,5711.3,2588.2954,100,17.65,1,100,0,0,100,0.0,61333.1,578.497,106.021,0.000731195,0.188734,0,536.5013812,28252.9,43.2278,653.582,9.52781e-05,0.0193657,0,267.2480395,2185.56,50.1114,43.614,0.000150946,0.0284218,5,-82.47768925,3365.06,185.905,18.101,0.00347971,0.588071
1.904643,1,AUTO,ARMED,5,AVAILABLE,UNAVAILABLE,UNAVAILABLE,8,7,ACTIVE,11,F1_N2-A3.NC,F1_N2-A3.NC,2076377.993,194564.758,5711.3,2588.2954,100,90.4,1,100,0,0,100,0.0,61333.1,578.497,106.021,0.000731195,0.188734,0,536.4937495,28252.9,43.2278,653.582,9.52781e-05,0.0193657,0,267.2420176,2185.56,50.1114,43.614,0.000150946,0.0284218,5,-87.31253331,3365.06,185.905,18.101,0.00347971,0.588071
2.055293,1,AUTO,ARMED,5,AVAILABLE,UNAVAILABLE,UNAVAILABLE,8,7,ACTIVE,11,F1_N2-A3.NC,F1_N2-A3.NC,2076377.993,194564.758,5711.3,2588.2954,100,317.9667,1,100,0,0,100,0.0,61333.1,578.497,106.021,0.000731195,0.188734,0,536.4934992,28252.9,43.2278,653.582,9.52781e-05,0.0193657,0,267.2418317,2185.56,50.1114,43.614,0.000150946,0.0284218,5,-111.5118788,3365.06,185.905,18.101,0.00347971,0.588071
2.209211,1,AUTO,ARMED,5,AVAILABLE,UNAVAILABLE,UNAVAILABLE,8,7,ACTIVE,11,F1_N2-A3.NC,F1_N2-A3.NC,2076377.993,194564.758,5711.3,2588.2954,100,400.0,1,100,0,0,100,0.0,61333.1,578.497,106.021,0.000731195,0.188734,0,536.4935206,28252.9,43.2278,653.582,9.52781e-05,0.0193657,0,267.2418603,2185.56,50.1114,43.614,0.000150946,0.0284218,4,-192.7663236,3365.06,185.905,18.101,0.00347971,0.588071
2.350848,1,AUTO,ARMED,5,AVAILABLE,UNAVAILABLE,UNAVAILABLE,8,7,ACTIVE,11,F1_N2-A3.NC,F1_N2-A3.NC,2076377.993,194564.758,5711.3,2588.2954,100,400.0,1,100,0,0,100,0.0,61333.1,578.497,106.021,0.000731195,0.188734,0,536.4935493,28252.9,43.2278,653.582,9.52781e-05,0.0193657,0,267.2418889,2185.56,50.1114,43.614,0.000150946,0.0284218,3,-275.0599879,3365.06,185.905,18.101,0.00347971,0.588071
2.495934,1,AUTO,ARMED,5,AVAILABLE,UNAVAILABLE,UNAVAILABLE,8,7,ACTIVE,11,F1_N2-A3.NC,F1_N2-A3.NC,2076377.993,194564.758,5711.3,2588.2954,100,275.3833,1,100,0,0,100,0.0,61333.1,578.497,106.021,0.000731195,0.188734,0,536.4935636,28252.9,43.2278,653.582,9.52781e-05,0.0193657,0,267.2418746,2185.56,50.1114,43.614,0.000150946,0.0284218,3,-306.6774739,3365.06,185.905,18.101,0.00347971,0.588071
2.63901,1,AUTO,ARMED,5,AVAILABLE,UNAVAILABLE,UNAVAILABLE,9,7,ACTIVE,11,F1_N2-A3.NC,F1_N2-A3.NC,2076377.993,194564.758,5711.3,2588.2954,100,14.55,1,100,0,0,100,0.0,61333.1,578.497,106.021,0.000731195,0.188734,0,536.4935707,28252.9,43.2278,653.582,9.52781e-05,0.0193657,0,267.241896,2185.56,50.1114,43.614,0.000150946,0.0284218,5,-311.0671253,3365.06,185.905,18.101,0.00347971,0.588071
2.789165,1,AUTO,ARMED,5,AVAILABLE,UNAVAILABLE,UNAVAILABLE,9,7,ACTIVE,11,F1_N2-A3.NC,F1_N2-A3.NC,2076377.993,194564.758,5711.3,2585.6409,100,33.15,2,100,0,0,100,0.0,7462.68,252.359,29.5717,4.99408e-05,0.0328994,0,536.4935779,4704.81,39.0776,120.397,8.35418e-05,0.015866,0,267.2418889,408.29,50.0923,8.15075,6.21631e-05,0.0156685,5,-320.8994557,264.396,46.4012,5.69804,0.000118666,0.0284536
2.940662,1,AUTO,ARMED,5,AVAILABLE,UNAVAILABLE,UNAVAILABLE,9,7,ACTIVE,11,F1_N2-A3.NC,F1_N2-A3.NC,2076377.993,194564.758,5711.3,2585.6409,100,35.98333,2,100,0,0,100,0.0,7462.68,252.359,29.5717,4.99408e-05,0.0328994,0,536.493585,4704.81,39.0776,120.397,8.35418e-05,0.015866,0,267.2418889,408.29,50.0923,8.15075,6.21631e-05,0.0156685,5,-324.60589,264.396,46.4012,5.69804,0.000118666,0.0284536
3.085494,1,AUTO,ARMED,5,AVAILABLE,UNAVAILABLE,UNAVAILABLE,9,7,ACTIVE,11,F1_N2-A3.NC,F1_N2-A3.NC,2076377.993,194564.758,5711.3,2585.6409,100,35.98333,2,100,0,0,100,0.0,7462.68,252.359,29.5717,4.99408e-05,0.0328994,0,536.493585,4704.81,39.0776,120.397,8.35418e-05,0.015866,0,267.241896,408.29,50.0923,8.15075,6.21631e-05,0.0156685,5,-328.3213301,264.396,46.4012,5.69804,0.000118666,0.0284536
3.234267,1,AUTO,ARMED,5,AVAILABLE,UNAVAILABLE,UNAVAILABLE,9,7,ACTIVE,11,F1_N2-A3.NC,F1_N2-A3.NC,2076377.993,194564.758,5711.3,2585.6409,100,35.98333,2,100,0,0,100,0.0,7462.68,252.359,29.5717,4.99408e-05,0.0328994,0,536.4935922,4704.81,39.0776,120.397,8.35418e-05,0.015866,0,267.241896,408.29,50.0923,8.15075,6.21631e-05,0.0156685,5,-332.0185273,264.396,46.4012,5.69804,0.000118666,0.0284536
3.392146,1,AUTO,ARMED,5,AVAILABLE,UNAVAILABLE,UNAVAILABLE,9,7,ACTIVE,11,F1_N2-A3.NC,F1_N2-A3.NC,2076377.993,194564.758,5711.3,2585.6409,100,35.98333,2,100,0,0,100,0.0,7462.68,252.359,29.5717,4.99408e-05,0.0328994,0,536.4935922,4704.81,39.0776,120.397,8.35418e-05,0.015866,0,267.241896,408.29,50.0923,8.15075,6.21631e-05,0.0156685,5,-339.421963,264.396,46.4012,5.69804,0.000118666,0.0284536
3.531931,1,AUTO,ARMED,5,AVAILABLE,UNAVAILABLE,UNAVAILABLE,9,7,ACTIVE,11,F1_N2-A3.NC,F1_N2-A3.NC,2076377.993,194564.758,5711.3,2585.6409,100,35.98333,2,100,0,0,100,0.0,7462.68,252.359,29.5717,4.99408e-05,0.0328994,0,536.4935922,4704.81,39.0776,120.397,8.35418e-05,0.015866,0,267.241896,408.29,50.0923,8.15075,6.21631e-05,0.0156685,5,-346.8434463,264.396,46.4012,5.69804,0.000118666,0.0284536
3.674609,1,AUTO,ARMED,5,AVAILABLE,UNAVAILABLE,UNAVAILABLE,9,7,ACTIVE,11,F1_N2-A3.NC,F1_N2-A3.NC,2076377.993,194564.758,5711.3,2585.6409,100,35.98333,2,100,0,0,100,0.0,7462.68,252.359,29.5717,4.99408e-05,0.0328994,0,536.4935922,4704.81,39.0776,120.397,8.35418e-05,0.015866,0,267.241896,408.29,50.0923,8.15075,6.21631e-05,0.0156685,5,-348.6968573,264.396,46.4012,5.69804,0.000118666,0.0284536
3.812194,1,AUTO,ARMED,5,AVAILABLE,UNAVAILABLE,UNAVAILABLE,9,7,ACTIVE,11,F1_N2-A3.NC,F1_N2-A3.NC,2076377.993,194564.758,5711.3,2585.6409,100,35.98333,3,100,0,0,100,0.0,5854.96,92.173,63.5214,0.000221441,0.0524874,0,536.4935922,4656.8,48.2513,96.5114,9.62349e-05,0.0191551,0,267.241896,576.41,108.083,5.33303,0.000112025,0.0223897,5,-352.4122166,1057.58,140.951,7.50317,0.000176999,0.0610719
3.954904,1,AUTO,ARMED,5,AVAILABLE,UNAVAILABLE,UNAVAILABLE,9,7,ACTIVE,11,F1_N2-A3.NC,F1_N2-A3.NC,2076377.993,194564.758,5711.3,2682.29,100,35.98333,3,100,0,0,100,0.0,5854.96,92.173,63.5214,0.000221441,0.0524874,0,536.4935922,4656.8,48.2513,96.5114,9.62349e-05,0.0191551,0,267.241896,576.41,108.083,5.33303,0.000112025,0.0223897,5,-356.1092839,1057.58,140.951,7.50317,0.000176999,0.0610719
4.097734,1,AUTO,ARMED,5,AVAILABLE,UNAVAILABLE,UNAVAILABLE,9,7,ACTIVE,11,F1_N2-A3.NC,F1_N2-A3.NC,2076377.993,194564.758,5711.3,2682.29,100,35.98333,3,100,0,0,100,0.0,5854.96,92.173,63.5214,0.000221441,0.0524874,0,536.4935993,4656.8,48.2513,96.5114,9.62349e-05,0.0191551,0,267.2418889,576.41,108.083,5.33303,0.000112025,0.0223897,5,-359.8156266,1057.58,140.951,7.50317,0.000176999,0.0610719
4.245249,1,AUTO,ARMED,5,AVAILABLE,UNAVAILABLE,UNAVAILABLE,9,7,ACTIVE,11,F1_N2-A3.NC,F1_N2-A3.NC,2076377.993,194564.758,5711.3,2682.29,100,35.98333,3,100,0,0,100,0.0,5854.96,92.173,63.5214,0.000221441,0.0524874,0,536.4935922,4656.8,48.2513,96.5114,9.62349e-05,0.0191551,0,267.241896,576.41,108.083,5.33303,0.000112025,0.0223897,5,-370.9342541,1057.58,140.951,7.50317,0.000176999,0.0610719
4.40071,1,AUTO,ARMED,5,AVAILABLE,UNAVAILABLE,UNAVAILABLE,9,7,ACTIVE,11,F1_N2-A3.NC,F1_N2-A3.NC,2076377.993,194564.758,5711.3,2682.29,100,35.98333,3,100,0,0,100,0.0,5854.96,92.173,63.5214,0.000221441,0.0524874,0,536.4935993,4656.8,48.2513,96.5114,9.62349e-05,0.0191551,0,267.241896,576.41,108.083,5.33303,0.000112025,0.0223897,8,-374.3219679,1057.58,140.951,7.50317,0.000176999,0.0610719
4.554355,1,AUTO,ARMED,5,AVAILABLE,UNAVAILABLE,UNAVAILABLE,9,7,ACTIVE,11,F1_N2-A3.NC,F1_N2-A3.NC,2076377.993,194564.758,5711.3,2682.29,100,17.98333,3,100,0,0,100,0.0,5854.96,92.173,63.5214,0.000221441,0.0524874,0,536.4935993,4656.8,48.2513,96.5114,9.62349e-05,0.0191551,0,267.2419032,576.41,108.083,5.33303,0.000112025,0.0223897,8,-374.5758045,1057.58,140.951,7.50317,0.000176999,0.0610719
4.699422,1,AUTO,ARMED,5,AVAILABLE,UNAVAILABLE,UNAVAILABLE,12,7,ACTIVE,11,F1_N2-A3.NC,F1_N2-A3.NC,2076377.993,194564.758,5711.3,2682.29,100,0.0,3,100,0,0,100,120.8333333,5854.96,92.173,63.5214,0.000221441,0.0524874,0,536.4935993,4656.8,48.2513,96.5114,9.62349e-05,0.0191551,0,267.241896,576.41,108.083,5.33303,0.000112025,0.0223897,5,-374.5776468,1057.58,140.951,7.50317,0.000176999,0.0610719
4.857655,1,AUTO,ARMED,5,AVAILABLE,UNAVAILABLE,UNAVAILABLE,12,7,ACTIVE,11,F1_N2-A3.NC,F1_N2-A3.NC,2076377.993,194564.758,5711.3,2682.29,100,0.0,4,100,0,28,100,640.9300088,5854.96,92.173,63.5214,0.000221441,0.0524874,0,536.4935993,4656.8,48.2513,96.5114,9.62349e-05,0.0191551,0,267.241896,576.41,108.083,5.33303,0.000112025,0.0223897,5,-374.5776125,1057.58,140.951,7.50317,0.000176999,0.0610719
5.008919,1,AUTO,ARMED,5,AVAILABLE,UNAVAILABLE,UNAVAILABLE,12,7,ACTIVE,11,F1_N2-A3.NC,F1_N2-A3.NC,2076377.993,194564.758,5711.3,8799.043,100,0.0,4,100,0,29,100,1000.657428,3215.43,421.171,7.6345,0.000237302,0.12682,0,536.4935993,5088.88,82.8153,61.4485,0.000380124,0.131196,0,267.241896,624.447,110.181,5.66747,9.45881e-05,0.0374894,6,-374.5775782,865.302,194.394,4.45128,0.000335607,0.120716
5.163736,1,AUTO,ARMED,5,AVAILABLE,UNAVAILABLE,UNAVAILABLE,12,7,ACTIVE,11,F1_N2-A3.NC,F1_N2-A3.NC,2076377.993,194564.758,5711.3,8799.043,100,0.0,4,100,0,30,100,1698.200872,3215.43,421.171,7.6345,0.000237302,0.12682,0,536.4935993,5088.88,82.8153,61.4485,0.000380124,0.131196,0,267.2419032,624.447,110.181,5.66747,9.45881e-05,0.0374894,6,-374.5775324,865.302,194.394,4.45128,0.000335607,0.120716
5.303237,1,AUTO,ARMED,5,AVAILABLE,UNAVAILABLE,UNAVAILABLE,12,7,ACTIVE,11,F1_N2-A3.NC,F1_N2-A3.NC,2076377.993,194564.758,5711.3,8799.043,100,0.0,4,100,0,21,100,2026.836429,3215.43,421.171,7.6345,0.000237302,0.12682,0,536.4935993,5088.88,82.8153,61.4485,0.000380124,0.131196,0,267.241896,624.447,110.181,5.66747,9.45881e-05,0.0374894,6,-374.577521,865.302,194.394,4.45128,0.000335607,0.120716
5.453665,1,AUTO,ARMED,5,AVAILABLE,UNAVAILABLE,UNAVAILABLE,12,7,ACTIVE,11,F1_N2-A3.NC,F1_N2-A3.NC,2076377.993,194564.758,5711.3,8799.043,100,0.0,4,100,0,24,100,2287.111927,3215.43,421.171,7.6345,0.000237302,0.12682,0,536.4935993,5088.88,82.8153,61.4485,0.000380124,0.131196,0,267.2419032,624.447,110.181,5.66747,9.45881e-05,0.0374894,6,-374.577521,865.302,194.394,4.45128,0.000335607,0.120716
5.604307,1,AUTO,ARMED,5,AVAILABLE,UNAVAILABLE,UNAVAILABLE,12,7,ACTIVE,11,F1_N2-A3.NC,F1_N2-A3.NC,2076377.993,194564.758,5711.3,8799.043,100,0.0,4,100,0,25,100,3124.195501,3215.43,421.171,7.6345,0.000237302,0.12682,0,536.4935993,5088.88,82.8153,61.4485,0.000380124,0.131196,0,267.2419032,624.447,110.181,5.66747,9.45881e-05,0.0374894,6,-374.577521,865.302,194.394,4.45128,0.000335607,0.120716
5.775342,1,AUTO,ARMED,5,AVAILABLE,UNAVAILABLE,UNAVAILABLE,12,7,ACTIVE,11,F1_N2-A3.NC,F1_N2-A3.NC,2076377.993,194564.758,5711.3,8799.043,100,0.0,4,100,0,25,100,3293.674228,3215.43,421.171,7.6345,0.000237302,0.12682,0,536.4935993,5088.88,82.8153,61.4485,0.000380124,0.131196,0,267.2419032,624.447,110.181,5.66747,9.45881e-05,0.0374894,6,-374.5775095,865.302,194.394,4.45128,0.000335607,0.120716
5.912926,1,AUTO,ARMED,5,AVAILABLE,UNAVAILABLE,UNAVAILABLE,12,7,ACTIVE,11,F1_N2-A3.NC,F1_N2-A3.NC,2076377.993,194564.758,5711.3,8799.043,100,0.0,5,100,0,28,100,3925.951376,3071.46,366.556,8.37924,0.000277176,0.154229,0,536.4936065,4752.82,109.157,43.5411,0.000190753,0.106196,0,267.2418674,744.532,123.923,6.00802,9.64293e-05,0.045698,6,-374.5774981,1442.17,533.384,2.70381,0.00044486,0.333529
6.057225,1,AUTO,ARMED,5,AVAILABLE,UNAVAILABLE,UNAVAILABLE,12,7,ACTIVE,11,F1_N2-A3.NC,F1_N2-A3.NC,2076377.993,194564.758,5711.3,12200.8125,100,0.0,5,100,0,38,100,4574.277363,3071.46,366.556,8.37924,0.000277176,0.154229,0,536.4935993,4752.82,109.157,43.5411,0.000190753,0.106196,0,267.241896,744.532,123.923,6.00802,9.64293e-05,0.045698,6,-374.5774981,1442.17,533.384,2.70381,0.00044486,0.333529
6.209766,1,AUTO,ARMED,5,AVAILABLE,UNAVAILABLE,UNAVAILABLE,12,7,ACTIVE,11,F1_N2-A3.NC,F1_N2-A3.NC,2076377.993,194564.758,5711.3,12200.8125,100,0.0,5,100,0,44,100,4916.084446,3071.46,366.556,8.37924,0.000277176,0.154229,0,536.4936065,4752.82,109.157,43.5411,0.000190753,0.106196,0,267.241896,744.532,123.923,6.00802,9.64293e-05,0.045698,6,-374.5774981,1442.17,533.384,2.70381,0.00044486,0.333529
6.381456,1,AUTO,ARMED,5,AVAILABLE,UNAVAILABLE,UNAVAILABLE,12,7,ACTIVE,11,F1_N2-A3.NC,F1_N2-A3.NC,2076377.993,194564.758,5711.3,12200.8125,100,0.0,5,100,0,52,100,5577.358533,3071.46,366.556,8.37924,0.000277176,0.154229,0,536.4935993,4752.82,109.157,43.5411,0.000190753,0.106196,0,267.2419103,744.532,123.923,6.00802,9.64293e-05,0.045698,6,-374.5774981,1442.17,533.384,2.70381,0.00044486,0.333529
6.525464,1,AUTO,ARMED,5,AVAILABLE,UNAVAILABLE,UNAVAILABLE,12,7,ACTIVE,11,F1_N2-A3.NC,F1_N2-A3.NC,2076377.993,194564.758,5711.3,12200.8125,100,0.0,5,100,0,58,100,5902.248725,3071.46,366.556,8.37924,0.000277176,0.154229,0,536.4935993,4752.82,109.157,43.5411,0.000190753,0.106196,0,267.2419032,744.532,123.923,6.00802,9.64293e-05,0.045698,6,-374.5774981,1442.17,533.384,2.70381,0.00044486,0.333529
6.666147,1,AUTO,ARMED,5,AVAILABLE,UNAVAILABLE,UNAVAILABLE,12,7,ACTIVE,11,F1_N2-A3.NC,F1_N2-A3.NC,2076377.993,194564.758,5711.3,12200.8125,100,0.0,5,100,0,60,100,6220.902943,3071.46,366.556,8.37924,0.000277176,0.154229,0,536.4935993,4752.82,109.157,43.5411,0.000190753,0.106196,0,267.2418889,744.532,123.923,6.00802,9.64293e-05,0.045698,6,-374.5775095,1442.17,533.384,2.70381,0.00044486,0.333529
6.832261,1,AUTO,ARMED,5,AVAILABLE,UNAVAILABLE,UNAVAILABLE,12,7,ACTIVE,11,F1_N2-A3.NC,F1_N2-A3.NC,2076377.993,194564.758,5711.3,12200.8125,100,0.0,6,100,0,61,100,7067.259874,3071.46,366.556,8.37924,0.000277176,0.154229,0,536.4935993,4752.82,109.157,43.5411,0.000190753,0.106196,0,267.241896,744.532,123.923,6.00802,9.64293e-05,0.045698,6,-374.5775095,1442.17,533.384,2.70381,0.00044486,0.333529
6.980796,1,AUTO,ARMED,5,AVAILABLE,UNAVAILABLE,UNAVAILABLE,12,7,ACTIVE,11,F1_N2-A3.NC,F1_N2-A3.NC,2076377.993,194564.758,5711.3,12200.8125,100,0.0,6,100,0,57,100,7309.761158,3071.46,366.556,8.37924,0.000277176,0.154229,0,536.4935993,4752.82,109.157,43.5411,0.000190753,0.106196,0,267.241896,744.532,123.923,6.00802,9.64293e-05,0.045698,6,-374.5774752,1442.17,533.384,2.70381,0.00044486,0.333529
7.121641,1,AUTO,ARMED,5,AVAILABLE,UNAVAILABLE,UNAVAILABLE,12,7,ACTIVE,11,F1_N2-A3.NC,F1_N2-A3.NC,2076377.993,194564.758,5711.3,10964.2109,100,0.0,6,100,0,60,100,7534.786933,3143.44,652.254,4.81935,0.000749833,0.64717,0,536.4935993,4800.83,301.507,15.9228,0.00040058,0.329045,0,267.241896,792.566,202.116,3.92134,0.000131164,0.0982203,6,-374.5774981,1418.13,502.12,2.82429,0.00039242,0.295191
7.272799,1,AUTO,ARMED,5,AVAILABLE,UNAVAILABLE,UNAVAILABLE,12,7,ACTIVE,11,F1_N2-A3.NC,F1_N2-A3.NC,2076377.993,194564.758,5711.3,10964.2109,100,0.0,6,100,0,57,100,7949.18291,3143.44,652.254,4.81935,0.000749833,0.64717,0,536.4935993,4800.83,301.507,15.9228,0.00040058,0.329045,0,267.241896,792.566,202.116,3.92134,0.000131164,0.0982203,6,-374.577521,1418.13,502.12,2.82429,0.00039242,0.295191
7.414425,1,AUTO,ARMED,5,AVAILABLE,UNAVAILABLE,UNAVAILABLE,12,7,ACTIVE,11,F1_N2-A3.NC,F1_N2-A3.NC,2076377.993,194564.758,5711.3,10964.2109,100,0.0,6,100,0,56,100,8140.142572,3143.44,652.254,4.81935,0.000749833,0.64717,0,536.4935993,4800.83,301.507,15.9228,0.00040058,0.329045,0,267.2418889,792.566,202.116,3.92134,0.000131164,0.0982203,6,-374.5774981,1418.13,502.12,2.82429,0.00039242,0.295191
7.554596,1,AUTO,ARMED,5,AVAILABLE,UNAVAILABLE,UNAVAILABLE,12,7,ACTIVE,11,F1_N2-A3.NC,F1_N2-A3.NC,2076377.993,194564.758,5711.3,10964.2109,100,0.0,6,100,0,57,100,9000.0,3143.44,652.254,4.81935,0.000749833,0.64717,0,536.4935993,4800.83,301.507,15.9228,0.00040058,0.329045,0,267.2418889,792.566,202.116,3.92134,0.000131164,0.0982203,6,-374.577521,1418.13,502.12,2.82429,0.00039242,0.295191
7.693561,1,AUTO,ARMED,5,AVAILABLE,UNAVAILABLE,UNAVAILABLE,12,7,ACTIVE,11,F1_N2-A3.NC,F1_N2-A3.NC,2076377.993,194564.758,5711.3,10964.2109,100,0.0,6,100,0,57,100,9000.0,3143.44,652.254,4.81935,0.000749833,0.64717,0,536.4935993,4800.83,301.507,15.9228,0.00040058,0.329045,0,267.241896,792.566,202.116,3.92134,0.000131164,0.0982203,6,-374.5774637,1418.13,502.12,2.82429,0.00039242,0.295191
7.838617,1,AUTO,ARMED,5,AVAILABLE,UNAVAILABLE,UNAVAILABLE,12,7,ACTIVE,11,F1_N2-A3.NC,F1_N2-A3.NC,2076377.993,194564.758,5711.3,10964.2109,100,0.0,7,100,0,55,100,9000.0,3143.44,652.254,4.81935,0.000749833,0.64717,0,536.4935993,4800.83,301.507,15.9228,0.00040058,0.329045,0,267.2419103,792.566,202.116,3.92134,0.000131164,0.0982203,6,-374.5774866,1418.13,502.12,2.82429,0.00039242,0.295191
7.99071,1,AUTO,ARMED,5,AVAILABLE,UNAVAILABLE,UNAVAILABLE,12,7,ACTIVE,11,F1_N2-A3.NC,F1_N2-A3.NC,2076377.993,194564.758,5711.3,10964.2109,100,1.75,7,100,0,52,100,9000.0,3143.44,652.254,4.81935,0.000749833,0.64717,0,536.4936065,4800.83,301.507,15.9228,0.00040058,0.329045,0,267.8739068,792.566,202.116,3.92134,0.000131164,0.0982203,6,-374.5775095,1418.13,502.12,2.82429,0.00039242,0.295191
8.145106,1,AUTO,ARMED,5,AVAILABLE,UNAVAILABLE,UNAVAILABLE,13,7,ACTIVE,11,F1_N2-A3.NC,F1_N2-A3.NC,2076377.993,194564.758,5711.3,10964.2109,100,0.0,7,100,0,20,100,9000.0,3407.4,551.587,6.17745,0.000585432,0.53315,0,536.4935993,4872.84,147.662,33.0,0.000209078,0.14694,0,267.8764673,840.599,139.375,6.0312,0.000142511,0.0943076,6,-374.5774981,1754.64,2059.7,0.851891,0.000499408,0.585156
8.29473,1,AUTO,ARMED,5,AVAILABLE,UNAVAILABLE,UNAVAILABLE,13,7,ACTIVE,11,F1_N2-A3.NC,F1_N2-A3.NC,2076377.993,194564.758,5711.3,2972.25,100,0.0,7,100,0,5,100,9000.0,3407.4,551.587,6.17745,0.000585432,0.53315,0,536.4935993,4872.84,147.662,33.0,0.000209078,0.14694,0,267.876925,840.599,139.375,6.0312,0.000142511,0.0943076,6,-374.5774981,1754.64,2059.7,0.851891,0.000499408,0.585156
8.441807,1,AUTO,ARMED,5,AVAILABLE,UNAVAILABLE,UNAVAILABLE,13,7,ACTIVE,11,F1_N2-A3.NC,F1_N2-A3.NC,2076377.993,194564.758,5711.3,2972.25,100,0.0,7,100,0,17,100,9000.0,3407.4,551.587,6.17745,0.000585432,0.53315,0,536.4935993,4872.84,147.662,33.0,0.000209078,0.14694,0,267.8769107,840.599,139.375,6.0312,0.000142511,0.0943076,6,-374.5774866,1754.64,2059.7,0.851891,0.000499408,0.585156
8.580797,1,AUTO,ARMED,5,AVAILABLE,UNAVAILABLE,UNAVAILABLE,13,7,ACTIVE,11,F1_N2-A3.NC,F1_N2-A3.NC,2076377.993,194564.758,5711.3,2972.25,100,0.0,7,100,0,4,100,9000.0,3407.4,551.587,6.17745,0.000585432,0.53315,0,536.4935993,4872.84,147.662,33.0,0.000209078,0.14694,0,267.8768964,840.599,139.375,6.0312,0.000142511,0.0943076,6,-374.5775095,1754.64,2059.7,0.851891,0.000499408,0.585156
8.723981,1,AUTO,ARMED,5,AVAILABLE,UNAVAILABLE,UNAVAILABLE,13,7,ACTIVE,11,F1_N2-A3.NC,F1_N2-A3.NC,2076377.993,194564.758,5711.3,2972.25,100,0.0,7,100,0,1,100,9000.0,3407.4,551.587,6.17745,0.000585432,0.53315,0,536.4935993,4872.84,147.662,33.0,0.000209078,0.14694,0,267.8769107,840.599,139.375,6.0312,0.000142511,0.0943076,6,-374.5774866,1754.64,2059.7,0.851891,0.000499408,0.585156
8.876747,1,AUTO,ARMED,5,AVAILABLE,UNAVAILABLE,UNAVAILABLE,13,7,ACTIVE,11,F1_N2-A3.NC,F1_N2-A3.NC,2076377.993,194564.758,5711.3,2972.25,100,0.0,8,100,0,4,100,9000.0,3407.4,551.587,6.17745,0.000585432,0.53315,0,536.4935993,4872.84,147.662,33.0,0.000209078,0.14694,0,267.8769107,840.599,139.375,6.0312,0.000142511,0.0943076,6,-374.5774866,1754.64,2059.7,0.851891,0.000499408,0.585156
9.025106,1,AUTO,ARMED,5,AVAILABLE,UNAVAILABLE,UNAVAILABLE,14,7,ACTIVE,11,F1_N2-A3.NC,F1_N2-A3.NC,2076377.993,194564.758,5711.3,2972.25,100,0.0,8,100,0,6,100,9000.0,3407.4,551.587,6.17745,0.000585432,0.53315,0,536.490228,4872.84,147.662,33.0,0.000209078,0.14694,0,267.8769107,840.599,139.375,6.0312,0.000142511,0.0943076,6,-374.5775324,1754.64,2059.7,0.851891,0.000499408,0.585156
9.172188,1,AUTO,ARMED,5,AVAILABLE,UNAVAILABLE,UNAVAILABLE,14,7,ACTIVE,11,F1_N2-A3.NC,F1_N2-A3.NC,2076377.993,194564.758,5711.3,2972.25,100,35.98333,8,100,0,17,100,9000.0,20228.4,5523.26,3.6624,0.00103271,1.22899,2,542.3859317,20043.5,3968.2,5.05103,0.00107313,1.25722,0,267.8767676,14938.7,6972.77,2.14243,0.00124023,2.72263,6,-374.5776125,10167.3,2505.15,4.05856,0.000662476,0.752116
9.322091,1,AUTO,ARMED,5,AVAILABLE,UNAVAILABLE,UNAVAILABLE,14,7,ACTIVE,11,F1_N2-A3.NC,F1_N2-A3.NC,2076377.993,194564.758,5711.3,11438.3945,100,35.98333,8,100,0,33,100,9000.0,20228.4,5523.26,3.6624,0.00103271,1.22899,2,546.0931274,20043.5,3968.2,5.05103,0.00107313,1.25722,0,267.8767462,14938.7,6972.77,2.14243,0.00124023,2.72263,6,-374.577807,10167.3,2505.15,4.05856,0.000662476,0.752116
9.464235,1,AUTO,ARMED,5,AVAILABLE,UNAVAILABLE,UNAVAILABLE,14,7,ACTIVE,11,F1_N2-A3.NC,F1_N2-A3.NC,2076377.993,194564.758,5711.3,11438.3945,100,35.98333,8,100,0,41,100,9000.0,20228.4,5523.26,3.6624,0.00103271,1.22899,2,549.8079763,20043.5,3968.2,5.05103,0.00107313,1.25722,0,267.8772468,14938.7,6972.77,2.14243,0.00124023,2.72263,6,-374.577807,10167.3,2505.15,4.05856,0.000662476,0.752116
9.618212,1,AUTO,ARMED,5,AVAILABLE,UNAVAILABLE,UNAVAILABLE,14,7,ACTIVE,11,F1_N2-A3.NC,F1_N2-A3.NC,2076377.993,194564.758,5711.3,11438.3945,100,35.98333,8,100,0,55,100,9000.0,20228.4,5523.26,3.6624,0.00103271,1.22899,2,559.0647993,20043.5,3968.2,5.05103,0.00107313,1.25722,0,267.8768392,14938.7,6972.77,2.14243,0.00124023,2.72263,6,-374.5774981,10167.3,2505.15,4.05856,0.000662476,0.752116
9.788719,1,AUTO,ARMED,5,AVAILABLE,UNAVAILABLE,UNAVAILABLE,14,7,ACTIVE,11,F1_N2-A3.NC,F1_N2-A3.NC,2076377.993,194564.758,5711.3,11438.3945,100,35.98333,9,100,0,55,100,9000.0,20228.4,5523.26,3.6624,0.00103271,1.22899,2,562.7805586,20043.5,3968.2,5.05103,0.00107313,1.25722,0,267.8773255,14938.7,6972.77,2.14243,0.00124023,2.72263,6,-374.5776812,10167.3,2505.15,4.05856,0.000662476,0.752116
9.931222,1,AUTO,ARMED,5,AVAILABLE,UNAVAILABLE,UNAVAILABLE,14,7,ACTIVE,11,F1_N2-A3.NC,F1_N2-A3.NC,2076377.993,194564.758,5711.3,11438.3945,100,35.98333,9,100,0,59,100,9000.0,20228.4,5523.26,3.6624,0.00103271,1.22899,2,566.4778788,20043.5,3968.2,5.05103,0.00107313,1.25722,0,267.8770108,14938.7,6972.77,2.14243,0.00124023,2.72263,6,-374.5775667,10167.3,2505.15,4.05856,0.000662476,0.752116
10.100487,1,AUTO,ARMED,5,AVAILABLE,UNAVAILABLE,UNAVAILABLE,14,7,ACTIVE,11,F1_N2-A3.NC,F1_N2-A3.NC,2076377.993,194564.758,5711.3,11438.3945,100,35.98333,9,100,0,58,100,9000.0,20228.4,5523.26,3.6624,0.00103271,1.22899,2,570.1842755,20043.5,3968.2,5.05103,0.00107313,1.25722,0,267.8770108,14938.7,6972.77,2.14243,0.00124023,2.72263,6,-374.5774981,10167.3,2505.15,4.05856,0.000662476,0.752116
10.258683,1,AUTO,ARMED,5,AVAILABLE,UNAVAILABLE,UNAVAILABLE,14,7,ACTIVE,11,F1_N2-A3.NC,F1_N2-A3.NC,2076377.993,194564.758,5711.3,11438.3945,100,35.98333,9,100,0,59,100,9000.0,92647.5,480.818,192.687,0.000202657,0.156388,3,577.6056233,19203.3,225.974,84.9801,0.000310212,0.236512,0,267.876782,15515.1,178.194,87.0686,0.000134098,0.0868618,6,-374.5775667,8004.03,519.577,15.4049,0.000236148,0.194722
10.402865,0,MANUAL,TRIGGERED,1,AVAILABLE,UNAVAILABLE,UNAVAILABLE,14,7,PROGRAM_STOPPED,11,F1_N2-A3.NC,F1_N2-A3.NC,2076377.993,194564.758,5711.3,1292.7393,100,22.51667,9,100,0,28,100,8885.654754,92647.5,480.818,192.687,0.000202657,0.156388,2,580.216727,19203.3,225.974,84.9801,0.000310212,0.236512,0,267.8638366,15515.1,178.194,87.0686,0.000134098,0.0868618,6,-374.5771891,8004.03,519.577,15.4049,0.000236148,0.194722
10.544887,0,MANUAL,TRIGGERED,1,AVAILABLE,UNAVAILABLE,UNAVAILABLE,14,7,PROGRAM_STOPPED,11,F1_N2-A3.NC,F1_N2-A3.NC,2076377.993,194564.758,5711.3,1292.7393,100,0.0,9,100,0,39,100,8929.812449,92647.5,480.818,192.687,0.000202657,0.156388,2,580.2166984,19203.3,225.974,84.9801,0.000310212,0.236512,0,267.8644159,15515.1,178.194,87.0686,0.000134098,0.0868618,6,-374.5772578,8004.03,519.577,15.4049,0.000236148,0.194722
10.689162,0,MANUAL,TRIGGERED,1,AVAILABLE,UNAVAILABLE,UNAVAILABLE,14,7,PROGRAM_STOPPED,11,F1_N2-A3.NC,F1_N2-A3.NC,2076377.993,194564.758,5711.3,1292.7393,100,0.0,9,100,0,73,100,8682.523417,92647.5,480.818,192.687,0.000202657,0.156388,2,580.216677,19203.3,225.974,84.9801,0.000310212,0.236512,0,267.8644874,15515.1,178.194,87.0686,0.000134098,0.0868618,6,-374.5792489,8004.03,519.577,15.4049,0.000236148,0.194722
10.833243,0,MANUAL,TRIGGERED,1,AVAILABLE,UNAVAILABLE,UNAVAILABLE,14,7,PROGRAM_STOPPED,11,F1_N2-A3.NC,F1_N2-A3.NC,2076377.993,194564.758,5711.3,1292.7393,100,0.0,9,100,0,21,100,8267.143554,92647.5,480.818,192.687,0.000202657,0.156388,2,580.2167199,19203.3,225.974,84.9801,0.000310212,0.236512,0,267.8645876,15515.1,178.194,87.0686,0.000134098,0.0868618,6,-374.5792375,8004.03,519.577,15.4049,0.000236148,0.194722
10.976697,0,MANUAL,TRIGGERED,1,AVAILABLE,UNAVAILABLE,UNAVAILABLE,14,7,PROGRAM_STOPPED,11,F1_N2-A3.NC,F1_N2-A3.NC,2076377.993,194564.758,5711.3,1292.7393,100,0.0,9,100,0,17,100,7547.693131,92647.5,480.818,192.687,0.000202657,0.156388,2,580.2167342,19203.3,225.974,84.9801,0.000310212,0.236512,0,267.8645089,15515.1,178.194,87.0686,0.000134098,0.0868618,6,-374.5792489,8004.03,519.577,15.4049,0.000236148,0.194722
11.126001,0,MANUAL,TRIGGERED,1,AVAILABLE,UNAVAILABLE,UNAVAILABLE,14,7,PROGRAM_STOPPED,11,F1_N2-A3.NC,F1_N2-A3.NC,2076377.993,194564.758,5711.3,1292.7393,100,0.0,9,100,0,17,100,7101.004001,92647.5,480.818,192.687,0.000202657,0.156388,2,580.2167127,19203.3,225.974,84.9801,0.000310212,0.236512,0,267.8645304,15515.1,178.194,87.0686,0.000134098,0.0868618,6,-374.5792375,8004.03,519.577,15.4049,0.000236148,0.194722
11.270132,0,MANUAL,TRIGGERED,1,AVAILABLE,UNAVAILABLE,UNAVAILABLE,14,7,PROGRAM_STOPPED,11,F1_N2-A3.NC,F1_N2-A3.NC,2076377.993,194564.758,5711.3,1292.7393,100,0.0,9,100,0,18,100,6650.050586,1439.74,326.14,4.41448,0.000327078,0.179488,2,580.2170417,3264.56,132.457,24.6462,0.000324614,0.161449,0,267.8645947,768.549,117.658,6.53206,0.000138435,0.0692427,6,-374.5792375,1321.99,331.137,3.99228,0.000401046,0.199608
11.42471,0,MANUAL,TRIGGERED,1,AVAILABLE,UNAVAILABLE,UNAVAILABLE,14,7,PROGRAM_STOPPED,11,F1_N2-A3.NC,F1_N2-A3.NC,2076377.993,194564.758,5711.3,1292.7393,100,0.0,9,100,0,18,100,6413.543226,1439.74,326.14,4.41448,0.000327078,0.179488,2,580.2170918,3264.56,132.457,24.6462,0.000324614,0.161449,0,267.864559,768.549,117.658,6.53206,0.000138435,0.0692427,6,-374.5792375,1321.99,331.137,3.99228,0.000401046,0.199608
11.564004,0,MANUAL,TRIGGERED,1,AVAILABLE,UNAVAILABLE,UNAVAILABLE,14,7,PROGRAM_STOPPED,11,F1_N2-A3.NC,F1_N2-A3.NC,2076377.993,194564.758,5711.3,1295.927,100,0.0,9,100,0,17,100,5945.745242,1439.74,326.14,4.41448,0.000327078,0.179488,2,580.2171061,3264.56,132.457,24.6462,0.000324614,0.161449,0,267.8645804,768.549,117.658,6.53206,0.000138435,0.0692427,6,-374.5792375,1321.99,331.137,3.99228,0.000401046,0.199608
11.702474,0,MANUAL,TRIGGERED,1,AVAILABLE,UNAVAILABLE,UNAVAILABLE,14,7,PROGRAM_STOPPED,11,F1_N2-A3.NC,F1_N2-A3.NC,2076377.993,194564.758,5711.3,1295.927,100,0.0,9,100,0,15,100,5712.728661,1439.74,326.14,4.41448,0.000327078,0.179488,2,580.2171061,3264.56,132.457,24.6462,0.000324614,0.161449,0,267.8645661,768.549,117.658,6.53206,0.000138435,0.0692427,6,-374.5792375,1321.99,331.137,3.99228,0.000401046,0.199608
11.841681,0,MANUAL,TRIGGERED,1,AVAILABLE,UNAVAILABLE,UNAVAILABLE,14,7,PROGRAM_STOPPED,11,F1_N2-A3.NC,F1_N2-A3.NC,2076377.993,194564.758,5711.3,1295.927,100,0.0,9,100,0,15,100,5472.405865,1439.74,326.14,4.41448,0.000327078,0.179488,2,580.217099,3264.56,132.457,24.6462,0.000324614,0.161449,0,267.8645661,768.549,117.658,6.53206,0.000138435,0.0692427,6,-374.5792489,1321.99,331.137,3.99228,0.000401046,0.199608
11.979575,0,MANUAL,TRIGGERED,1,AVAILABLE,UNAVAILABLE,UNAVAILABLE,14,7,PROGRAM_STOPPED,11,F1_N2-A3.NC,F1_N2-A3.NC,2076377.993,194564.758,5711.3,1295.927,100,0.0,9,100,0,15,100,5006.835018,1439.74,326.14,4.41448,0.000327078,0.179488,2,580.217099,3264.56,132.457,24.6462,0.000324614,0.161449,0,267.8645232,768.549,117.658,6.53206,0.000138435,0.0692427,6,-374.5792375,1321.99,331.137,3.99228,0.000401046,0.199608
12.121435,0,MANUAL,TRIGGERED,1,AVAILABLE,UNAVAILABLE,UNAVAILABLE,14,7,PROGRAM_STOPPED,11,F1_N2-A3.NC,F1_N2-A3.NC,2076377.993,194564.758,5711.3,1295.927,100,0.0,9,100,0,17,100,4781.385057,1439.74,326.14,4.41448,0.000327078,0.179488,2,580.217099,3264.56,132.457,24.6462,0.000324614,0.161449,0,267.8646448,768.549,117.658,6.53206,0.000138435,0.0692427,6,-374.5792375,1321.99,331.137,3.99228,0.000401046,0.199608
12.260638,0,MANUAL,TRIGGERED,1,AVAILABLE,UNAVAILABLE,UNAVAILABLE,14,7,PROGRAM_STOPPED,11,F1_N2-A3.NC,F1_N2-A3.NC,2076377.993,194564.758,5711.3,1295.927,100,0.0,9,100,0,17,100,4657.357409,1127.8,217.562,5.18381,0.000252784,0.0848894,2,580.217099,1848.32,86.1642,21.4511,0.000213159,0.0667872,0,267.8645661,744.532,87.6177,8.49751,0.000243989,0.0522141,6,-374.5792375,1394.09,213.444,6.53141,0.000196847,0.0803103
12.403008,0,MANUAL,TRIGGERED,1,AVAILABLE,UNAVAILABLE,UNAVAILABLE,14,7,PROGRAM_STOPPED,11,F1_N2-A3.NC,F1_N2-A3.NC,2076377.993,194564.758,5711.3,1295.927,100,0.0,9,100,0,18,100,4426.467992,1127.8,217.562,5.18381,0.000252784,0.0848894,2,580.2170918,1848.32,86.1642,21.4511,0.000213159,0.0667872,0,267.8646877,744.532,87.6177,8.49751,0.000243989,0.0522141,6,-374.5792375,1394.09,213.444,6.53141,0.000196847,0.0803103
12.565573,0,MANUAL,TRIGGERED,1,AVAILABLE,UNAVAILABLE,UNAVAILABLE,14,7,PROGRAM_STOPPED,11,F1_N2-A3.NC,F1_N2-A3.NC,2076377.993,194564.758,5711.3,1295.3416,100,0.0,9,100,0,18,100,3955.889683,1127.8,217.562,5.18381,0.000252784,0.0848894,2,580.217099,1848.32,86.1642,21.4511,0.000213159,0.0667872,0,267.8646519,744.532,87.6177,8.49751,0.000243989,0.0522141,6,-374.5792375,1394.09,213.444,6.53141,0.000196847,0.0803103
12.70738,0,MANUAL,TRIGGERED,1,AVAILABLE,UNAVAILABLE,UNAVAILABLE,14,7,PROGRAM_STOPPED,11,F1_N2-A3.NC,F1_N2-A3.NC,2076377.993,194564.758,5711.3,1295.3416,100,0.0,9,100,0,19,100,3723.364584,1127.8,217.562,5.18381,0.000252784,0.0848894,2,580.2171705,1848.32,86.1642,21.4511,0.000213159,0.0667872,0,267.8646591,744.532,87.6177,8.49751,0.000243989,0.0522141,6,-374.5792489,1394.09,213.444,6.53141,0.000196847,0.0803103
12.87622,0,MANUAL,TRIGGERED,1,AVAILABLE,UNAVAILABLE,UNAVAILABLE,14,7,PROGRAM_STOPPED,11,F1_N2-A3.NC,F1_N2-A3.NC,2076377.993,194564.758,5711.3,1295.3416,100,0.0,9,100,0,23,100,3254.426104,1127.8,217.562,5.18381,0.000252784,0.0848894,2,580.2171705,1848.32,86.1642,21.4511,0.000213159,0.0667872,0,267.8641871,744.532,87.6177,8.49751,0.000243989,0.0522141,6,-374.5792489,1394.09,213.444,6.53141,0.000196847,0.0803103
13.01678,0,MANUAL,TRIGGERED,1,AVAILABLE,UNAVAILABLE,UNAVAILABLE,14,7,PROGRAM_STOPPED,11,F1_N2-A3.NC,F1_N2-A3.NC,2076377.993,194564.758,5711.3,1295.3416,100,0.0,9,100,0,28,100,2802.850403,1127.8,217.562,5.18381,0.000252784,0.0848894,2,580.2171705,1848.32,86.1642,21.4511,0.000213159,0.0667872,0,267.8647235,744.532,87.6177,8.49751,0.000243989,0.0522141,6,-374.5792375,1394.09,213.444,6.53141,0.000196847,0.0803103
13.163825,0,MANUAL,TRIGGERED,1,AVAILABLE,UNAVAILABLE,UNAVAILABLE,14,7,PROGRAM_STOPPED,11,F1_N2-A3.NC,F1_N2-A3.NC,2076377.993,194564.758,5711.3,1295.3416,100,0.0,9,100,0,49,100,2372.085558,1127.8,217.562,5.18381,0.000252784,0.0848894,2,580.2171705,1848.32,86.1642,21.4511,0.000213159,0.0667872,0,267.8651526,744.532,87.6177,8.49751,0.000243989,0.0522141,6,-374.5792375,1394.09,213.444,6.53141,0.000196847,0.0803103
13.309824,0,MANUAL,TRIGGERED,1,AVAILABLE,UNAVAILABLE,UNAVAILABLE,14,7,PROGRAM_STOPPED,11,F1_N2-A3.NC,F1_N2-A3.NC,2076377.993,194564.758,5711.3,1295.3416,100,0.0,9,100,0,40,100,2110.906988,1127.8,217.562,5.18381,0.000252784,0.0848894,2,580.2171705,1848.32,86.1642,21.4511,0.000213159,0.0667872,0,267.8645447,744.532,87.6177,8.49751,0.000243989,0.0522141,6,-374.5792375,1394.09,213.444,6.53141,0.000196847,0.0803103
13.452083,0,MANUAL,TRIGGERED,1,AVAILABLE,UNAVAILABLE,UNAVAILABLE,14,7,PROGRAM_STOPPED,11,F1_N2-A3.NC,F1_N2-A3.NC,2076377.993,194564.758,5711.3,1295.3416,100,0.0,9,100,0,29,100,1837.007776,1511.73,24.9743,60.5314,4.17825e-05,0.0104393,2,580.2171705,384.068,46.375,8.28179,7.68722e-05,0.0313504,0,267.8651168,672.48,38.0477,17.6747,4.57842e-05,0.0123112,6,-374.5792489,1033.55,95.7307,10.7964,8.05887e-05,0.0329474
13.594924,0,MANUAL,TRIGGERED,1,AVAILABLE,UNAVAILABLE,UNAVAILABLE,14,7,PROGRAM_STOPPED,11,F1_N2-A3.NC,F1_N2-A3.NC,2076377.993,194564.758,5711.3,1295.3416,100,0.0,9,100,0,22,100,1589.800899,1511.73,24.9743,60.5314,4.17825e-05,0.0104393,2,580.2171705,384.068,46.375,8.28179,7.68722e-05,0.0313504,0,267.8648379,672.48,38.0477,17.6747,4.57842e-05,0.0123112,6,-374.5792375,1033.55,95.7307,10.7964,8.05887e-05,0.0329474
13.734733,0,MANUAL,TRIGGERED,1,AVAILABLE,UNAVAILABLE,UNAVAILABLE,14,7,PROGRAM_STOPPED,11,F1_N2-A3.NC,F1_N2-A3.NC,2076377.993,194564.758,5711.3,1114.1246,100,0.0,9,100,0,20,100,1136.714374,1511.73,24.9743,60.5314,4.17825e-05,0.0104393,2,580.2171705,384.068,46.375,8.28179,7.68722e-05,0.0313504,0,267.8648808,672.48,38.0477,17.6747,4.57842e-05,0.0123112,6,-374.5792375,1033.55,95.7307,10.7964,8.05887e-05,0.0329474
13.876852,0,MANUAL,TRIGGERED,1,AVAILABLE,UNAVAILABLE,UNAVAILABLE,14,7,PROGRAM_STOPPED,11,F1_N2-A3.NC,F1_N2-A3.NC,2076377.993,194564.758,5711.3,1114.1246,100,0.0,9,100,0,20,100,908.9886019,1511.73,24.9743,60.5314,4.17825e-05,0.0104393,2,580.2171705,384.068,46.375,8.28179,7.68722e-05,0.0313504,0,267.8648665,672.48,38.0477,17.6747,4.57842e-05,0.0123112,6,-374.5792375,1033.55,95.7307,10.7964,8.05887e-05,0.0329474
14.019611,0,MANUAL,TRIGGERED,1,AVAILABLE,UNAVAILABLE,UNAVAILABLE,14,7,PROGRAM_STOPPED,11,F1_N2-A3.NC,F1_N2-A3.NC,2076377.993,194564.758,5711.3,1114.1246,100,0.0,9,100,0,20,100,679.6051687,1511.73,24.9743,60.5314,4.17825e-05,0.0104393,2,580.2171705,384.068,46.375,8.28179,7.68722e-05,0.0313504,0,267.8648236,672.48,38.0477,17.6747,4.57842e-05,0.0123112,6,-374.5792375,1033.55,95.7307,10.7964,8.05887e-05,0.0329474
14.163367,0,MANUAL,TRIGGERED,1,AVAILABLE,UNAVAILABLE,UNAVAILABLE,14,7,PROGRAM_STOPPED,11,F1_N2-A3.NC,F1_N2-A3.NC,2076377.993,194564.758,5711.3,1114.1246,100,0.0,9,100,0,20,100,331.7882147,1511.73,24.9743,60.5314,4.17825e-05,0.0104393,2,580.2171705,384.068,46.375,8.28179,7.68722e-05,0.0313504,0,267.8648379,672.48,38.0477,17.6747,4.57842e-05,0.0123112,6,-374.5792489,1033.55,95.7307,10.7964,8.05887e-05,0.0329474
14.331182,0,MANUAL,TRIGGERED,1,AVAILABLE,UNAVAILABLE,UNAVAILABLE,14,7,PROGRAM_STOPPED,11,F1_N2-A3.NC,F1_N2-A3.NC,2076377.993,194564.758,5711.3,1114.1246,100,0.0,9,100,0,0,100,0.0,1511.73,24.9743,60.5314,4.17825e-05,0.0104393,2,580.2171633,384.068,46.375,8.28179,7.68722e-05,0.0313504,0,267.864888,672.48,38.0477,17.6747,4.57842e-05,0.0123112,6,-374.5792375,1033.55,95.7307,10.7964,8.05887e-05,0.0329474
14.474195,0,MANUAL,TRIGGERED,1,AVAILABLE,UNAVAILABLE,UNAVAILABLE,14,7,PROGRAM_STOPPED,11,F1_N2-A3.NC,F1_N2-A3.NC,2076377.993,194564.758,5711.3,1114.1246,100,0.0,9,100,0,0,100,0.0,215.961,25.3955,8.50391,4.73126e-05,0.0110858,2,580.2171633,216.034,24.9173,8.67004,2.26955e-05,0.00528502,0,267.8648808,288.202,35.2267,8.18135,1.9803e-05,0.00583231,6,-374.5792375,192.287,34.7663,5.53084,3.84824e-05,0.0122826
14.615372,0,MANUAL,TRIGGERED,1,AVAILABLE,UNAVAILABLE,UNAVAILABLE,14,7,PROGRAM_STOPPED,11,F1_N2-A3.NC,F1_N2-A3.NC,2076377.993,194564.758,5711.3,1114.1246,100,0.0,9,100,0,0,100,0.0,215.961,25.3955,8.50391,4.73126e-05,0.0110858,2,580.2171705,216.034,24.9173,8.67004,2.26955e-05,0.00528502,0,267.8648808,288.202,35.2267,8.18135,1.9803e-05,0.00583231,6,-374.5792489,192.287,34.7663,5.53084,3.84824e-05,0.0122826
14.771587,0,MANUAL,TRIGGERED,1,AVAILABLE,UNAVAILABLE,UNAVAILABLE,14,7,PROGRAM_STOPPED,11,F1_N2-A3.NC,F1_N2-A3.NC,2076377.993,194564.758,5711.3,1298.9783,100,0.0,9,100,0,0,100,0.0,215.961,25.3955,8.50391,4.73126e-05,0.0110858,2,580.2171705,216.034,24.9173,8.67004,2.26955e-05,0.00528502,0,267.864888,288.202,35.2267,8.18135,1.9803e-05,0.00583231,6,-374.5792375,192.287,34.7663,5.53084,3.84824e-05,0.0122826
14.920758,0,MANUAL,TRIGGERED,1,AVAILABLE,UNAVAILABLE,UNAVAILABLE,14,7,PROGRAM_STOPPED,11,F1_N2-A3.NC,F1_N2-A3.NC,2076377.993,194564.758,5711.3,1298.9783,100,0.0,9,100,0,0,100,0.0,215.961,25.3955,8.50391,4.73126e-05,0.0110858,2,580.2171633,216.034,24.9173,8.67004,2.26955e-05,0.00528502,0,267.8648808,288.202,35.2267,8.18135,1.9803e-05,0.00583231,6,-374.5792375,192.287,34.7663,5.53084,3.84824e-05,0.0122826
15.072648,0,MANUAL,TRIGGERED,1,AVAILABLE,UNAVAILABLE,UNAVAILABLE,14,7,PROGRAM_STOPPED,11,F1_N2-A3.NC,F1_N2-A3.NC,2076377.993,194564.758,5711.3,1298.9783,100,0.0,9,100,0,0,100,0.0,215.961,25.3955,8.50391,4.73126e-05,0.0110858,2,580.2171633,216.034,24.9173,8.67004,2.26955e-05,0.00528502,0,267.8648808,288.202,35.2267,8.18135,1.9803e-05,0.00583231,6,-374.5792489,192.287,34.7663,5.53084,3.84824e-05,0.0122826
15.224652,0,MANUAL,TRIGGERED,1,AVAILABLE,UNAVAILABLE,UNAVAILABLE,14,7,PROGRAM_STOPPED,11,F1_N2-A3.NC,F1_N2-A3.NC,2076377.993,194564.758,5711.3,1298.9783,100,0.0,9,100,0,0,100,0.0,215.961,25.3955,8.50391,4.73126e-05,0.0110858,2,580.2171633,216.034,24.9173,8.67004,2.26955e-05,0.00528502,0,267.8648808,288.202,35.2267,8.18135,1.9803e-05,0.00583231,6,-374.5792375,192.287,34.7663,5.53084,3.84824e-05,0.0122826
15.367234,0,MANUAL,TRIGGERED,1,AVAILABLE,UNAVAILABLE,UNAVAILABLE,14,7,PROGRAM_STOPPED,11,F1_N2-A3.NC,F1_N2-A3.NC,2076377.993,194564.758,5711.3,1298.9783,100,0.0,9,100,0,0,100,0.0,215.961,25.3955,8.50391,4.73126e-05,0.0110858,2,580.2171633,216.034,24.9173,8.67004,2.26955e-05,0.00528502,0,267.8648808,288.202,35.2267,8.18135,1.9803e-05,0.00583231,6,-374.5792375,192.287,34.7663,5.53084,3.84824e-05,0.0122826
15.50693,0,MANUAL,TRIGGERED,1,AVAILABLE,UNAVAILABLE,UNAVAILABLE,14,7,PROGRAM_STOPPED,11,F1_N2-A3.NC,F1_N2-A3.NC,2076377.993,194564.758,5711.3,1298.9783,100,0.0,9,100,0,0,100,0.0,167.969,27.6732,6.06974,1.70496e-05,0.00876856,2,580.2171633,216.035,25.5873,8.44306,2.06383e-05,0.00564416,0,267.8648808,264.188,34.9979,7.54868,4.46159e-05,0.0119878,6,-374.5792375,240.357,29.7658,8.07494,3.66992e-05,0.00823321
15.646435,0,MANUAL,TRIGGERED,1,AVAILABLE,UNAVAILABLE,UNAVAILABLE,14,7,PROGRAM_STOPPED,11,F1_N2-A3.NC,F1_N2-A3.NC,2076377.993,194564.758,5711.3,1298.9783,100,0.0,9,100,0,0,100,0.0,167.969,27.6732,6.06974,1.70496e-05,0.00876856,2,580.2171633,216.035,25.5873,8.44306,2.06383e-05,0.00564416,0,267.8648808,264.188,34.9979,7.54868,4.46159e-05,0.0119878,6,-374.5792375,240.357,29.7658,8.07494,3.66992e-05,0.00823321
15.794496,0,MANUAL,TRIGGERED,1,AVAILABLE,UNAVAILABLE,UNAVAILABLE,14,7,PROGRAM_STOPPED,11,F1_N2-A3.NC,F1_N2-A3.NC,2076377.993,194564.758,5711.3,1293.9297,100,0.0,9,100,0,0,100,0.0,167.969,27.6732,6.06974,1.70496e-05,0.00876856,2,580.2171633,216.035,25.5873,8.44306,2.06383e-05,0.00564416,0,267.8648808,264.188,34.9979,7.54868,4.46159e-05,0.0119878,6,-374.5792375,240.357,29.7658,8.07494,3.66992e-05,0.00823321
15.942858,0,MANUAL,TRIGGERED,1,AVAILABLE,UNAVAILABLE,UNAVAILABLE,14,7,PROGRAM_STOPPED,11,F1_N2-A3.NC,F1_N2-A3.NC,2076377.993,194564.758,5711.3,1293.9297,100,0.0,9,100,0,0,100,0.0,167.969,27.6732,6.06974,1.70496e-05,0.00876856,2,580.2171633,216.035,25.5873,8.44306,2.06383e-05,0.00564416,0,267.8648808,264.188,34.9979,7.54868,4.46159e-05,0.0119878,6,-374.5792489,240.357,29.7658,8.07494,3.66992e-05,0.00823321
16.092698,0,MANUAL,TRIGGERED,1,AVAILABLE,UNAVAILABLE,UNAVAILABLE,14,7,PROGRAM_STOPPED,11,F1_N2-A3.NC,F1_N2-A3.NC,2076377.993,194564.758,5711.3,1293.9297,100,0.0,9,100,0,0,100,0.0,167.969,27.6732,6.06974,1.70496e-05,0.00876856,2,580.2171633,216.035,25.5873,8.44306,2.06383e-05,0.00564416,0,267.8648808,264.188,34.9979,7.54868,4.46159e-05,0.0119878,6,-374.5792375,240.357,29.7658,8.07494,3.66992e-05,0.00823321
16.240572,0,MANUAL,TRIGGERED,1,AVAILABLE,UNAVAILABLE,UNAVAILABLE,14,7,PROGRAM_STOPPED,11,F1_N2-A3.NC,F1_N2-A3.NC,2076377.993,194564.758,5711.3,1293.9297,100,0.0,9,100,0,0,100,0.0,167.969,27.6732,6.06974,1.70496e-05,0.00876856,2,580.2171705,216.035,25.5873,8.44306,2.06383e-05,0.00564416,0,267.864888,264.188,34.9979,7.54868,4.46159e-05,0.0119878,6,-374.5792489,240.357,29.7658,8.07494,3.66992e-05,0.00823321
16.395746,0,MANUAL,TRIGGERED,1,AVAILABLE,UNAVAILABLE,UNAVAILABLE,14,7,PROGRAM_STOPPED,11,F1_N2-A3.NC,F1_N2-A3.NC,2076377.993,194564.758,5711.3,1293.9297,100,0.0,9,100,0,0,100,0.0,167.969,27.6732,6.06974,1.70496e-05,0.00876856,2,580.2171633,216.035,25.5873,8.44306,2.06383e-05,0.00564416,0,267.8648808,264.188,34.9979,7.54868,4.46159e-05,0.0119878,6,-374.5792375,240.357,29.7658,8.07494,3.66992e-05,0.00823321
16.539643,0,MANUAL,TRIGGERED,1,AVAILABLE,UNAVAILABLE,UNAVAILABLE,14,7,PROGRAM_STOPPED,11,F1_N2-A3.NC,F1_N2-A3.NC,2076377.993,194564.758,5711.3,1293.9297,100,0.0,9,100,0,0,100,0.0,167.969,27.6732,6.06974,1.70496e-05,0.00876856,2,580.2171633,216.035,25.5873,8.44306,2.06383e-05,0.00564416,0,267.8648808,264.188,34.9979,7.54868,4.46159e-05,0.0119878,6,-374.5792375,240.357,29.7658,8.07494,3.66992e-05,0.00823321
16.675763,0,MANUAL,TRIGGERED,1,AVAILABLE,UNAVAILABLE,UNAVAILABLE,14,7,PROGRAM_STOPPED,11,F1_N2-A3.NC,F1_N2-A3.NC,2076377.993,194564.758,5711.3,1293.9297,100,0.0,9,100,0,0,100,0.0,215.959,26.6294,8.1098,2.99847e-05,0.012231,2,580.2171633,216.035,25.1093,8.60378,2.45229e-05,0.0064755,0,267.8648737,240.169,33.8565,7.09373,2.23361e-05,0.00582559,6,-374.5792375,192.289,27.2767,7.04957,2.24354e-05,0.00792297
16.817824,0,MANUAL,TRIGGERED,1,AVAILABLE,UNAVAILABLE,UNAVAILABLE,14,7,PROGRAM_STOPPED,11,F1_N2-A3.NC,F1_N2-A3.NC,2076377.993,194564.758,5711.3,1293.9297,100,0.0,9,100,0,0,100,0.0,215.959,26.6294,8.1098,2.99847e-05,0.012231,2,580.2171633,216.035,25.1093,8.60378,2.45229e-05,0.0064755,0,267.8648808,240.169,33.8565,7.09373,2.23361e-05,0.00582559,6,-374.5792489,192.289,27.2767,7.04957,2.24354e-05,0.00792297
16.957595,0,MANUAL,TRIGGERED,1,AVAILABLE,UNAVAILABLE,UNAVAILABLE,14,7,PROGRAM_STOPPED,11,F1_N2-A3.NC,F1_N2-A3.NC,2076377.993,194564.758,5711.3,1319.094,100,0.0,9,100,0,0,100,0.0,215.959,26.6294,8.1098,2.99847e-05,0.012231,2,580.2171633,216.035,25.1093,8.60378,2.45229e-05,0.0064755,0,267.8648808,240.169,33.8565,7.09373,2.23361e-05,0.00582559,6,-374.5792375,192.289,27.2767,7.04957,2.24354e-05,0.00792297
17.098412,0,MANUAL,TRIGGERED,1,AVAILABLE,UNAVAILABLE,UNAVAILABLE,14,7,PROGRAM_STOPPED,11,F1_N2-A3.NC,F1_N2-A3.NC,2076377.993,194564.758,5711.3,1319.094,100,0.0,9,100,0,0,100,0.0,215.959,26.6294,8.1098,2.99847e-05,0.012231,2,580.2171633,216.035,25.1093,8.60378,2.45229e-05,0.0064755,0,267.8648808,240.169,33.8565,7.09373,2.23361e-05,0.00582559,6,-374.5792375,192.289,27.2767,7.04957,2.24354e-05,0.00792297
17.244102,0,MANUAL,TRIGGERED,1,AVAILABLE,UNAVAILABLE,UNAVAILABLE,14,7,PROGRAM_STOPPED,11,F1_N2-A3.NC,F1_N2-A3.NC,2076377.993,194564.758,5711.3,1319.094,100,0.0,9,100,0,0,100,0.0,215.959,26.6294,8.1098,2.99847e-05,0.012231,2,580.2171633,216.035,25.1093,8.60378,2.45229e-05,0.0064755,0,267.8648808,240.169,33.8565,7.09373,2.23361e-05,0.00582559,6,-374.5792489,192.289,27.2767,7.04957,2.24354e-05,0.00792297
17.382386,0,MANUAL,TRIGGERED,1,AVAILABLE,UNAVAILABLE,UNAVAILABLE,14,7,PROGRAM_STOPPED,11,F1_N2-A3.NC,F1_N2-A3.NC,2076377.993,194564.758,5711.3,1319.094,100,0.0,9,100,0,0,100,0.0,215.959,26.6294,8.1098,2.99847e-05,0.012231,2,580.2171633,216.035,25.1093,8.60378,2.45229e-05,0.0064755,0,267.8648808,240.169,33.8565,7.09373,2.23361e-05,0.00582559,6,-374.5792375,192.289,27.2767,7.04957,2.24354e-05,0.00792297
17.525248,0,MANUAL,TRIGGERED,1,AVAILABLE,UNAVAILABLE,UNAVAILABLE,14,7,PROGRAM_STOPPED,11,F1_N2-A3.NC,F1_N2-A3.NC,2076377.993,194564.758,5711.3,1319.094,100,0.0,9,100,0,0,100,0.0,215.959,26.6294,8.1098,2.99847e-05,0.012231,2,580.2171633,216.035,25.1093,8.60378,2.45229e-05,0.0064755,0,267.8648808,240.169,33.8565,7.09373,2.23361e-05,0.00582559,6,-374.5792375,192.289,27.2767,7.04957,2.24354e-05,0.00792297
17.663296,0,MANUAL,TRIGGERED,1,AVAILABLE,UNAVAILABLE,UNAVAILABLE,14,7,PROGRAM_STOPPED,11,F1_N2-A3.NC,F1_N2-A3.NC,2076377.993,194564.758,5711.3,1319.094,100,0.0,9,100,0,0,100,0.0,167.968,27.8788,6.02494,0.000115276,0.0232667,2,580.2171633,216.036,25.6317,8.42847,2.94295e-05,0.00685067,0,267.8648808,264.187,34.058,7.75697,2.81197e-05,0.00698792,6,-374.5792375,216.324,39.0822,5.5351,3.55314e-05,0.0109541
17.809804,0,MANUAL,TRIGGERED,1,AVAILABLE,UNAVAILABLE,UNAVAILABLE,14,7,PROGRAM_STOPPED,11,F1_N2-A3.NC,F1_N2-A3.NC,2076377.993,194564.758,5711.3,1319.094,100,0.0,9,100,0,0,100,0.0,167.968,27.8788,6.02494,0.000115276,0.0232667,2,580.2171633,216.036,25.6317,8.42847,2.94295e-05,0.00685067,0,267.8648808,264.187,34.058,7.75697,2.81197e-05,0.00698792,6,-374.5792375,216.324,39.0822,5.5351,3.55314e-05,0.0109541
17.958647,0,MANUAL,TRIGGERED,1,AVAILABLE,UNAVAILABLE,UNAVAILABLE,14,7,PROGRAM_STOPPED,11,F1_N2-A3.NC,F1_N2-A3.NC,2076377.993,194564.758,5711.3,1321.0391,100,0.0,9,100,0,0,100,0.0,167.968,27.8788,6.02494,0.000115276,0.0232667,2,580.2171633,216.036,25.6317,8.42847,2.94295e-05,0.00685067,0,267.8648808,264.187,34.058,7.75697,2.81197e-05,0.00698792,6,-374.5792489,216.324,39.0822,5.5351,3.55314e-05,0.0109541
18.103011,0,MANUAL,TRIGGERED,1,AVAILABLE,UNAVAILABLE,UNAVAILABLE,14,7,PROGRAM_STOPPED,11,F1_N2-A3.NC,F1_N2-A3.NC,2076377.993,194564.758,5711.3,1321.0391,100,0.0,9,100,0,0,100,0.0,167.968,27.8788,6.02494,0.000115276,0.0232667,2,580.2171633,216.036,25.6317,8.42847,2.94295e-05,0.00685067,0,267.8648808,264.187,34.058,7.75697,2.81197e-05,0.00698792,6,-374.5792489,216.324,39.0822,5.5351,3.55314e-05,0.0109541
18.252719,0,MANUAL,TRIGGERED,1,AVAILABLE,UNAVAILABLE,UNAVAILABLE,14,7,PROGRAM_STOPPED,11,F1_N2-A3.NC,F1_N2-A3.NC,2076377.993,194564.758,5711.3,1321.0391,100,0.0,9,100,0,0,100,0.0,167.968,27.8788,6.02494,0.000115276,0.0232667,2,580.2171633,216.036,25.6317,8.42847,2.94295e-05,0.00685067,0,267.8648808,264.187,34.058,7.75697,2.81197e-05,0.00698792,6,-374.5792375,216.324,39.0822,5.5351,3.55314e-05,0.0109541
18.406891,0,MANUAL,TRIGGERED,1,AVAILABLE,UNAVAILABLE,UNAVAILABLE,14,7,PROGRAM_STOPPED,11,F1_N2-A3.NC,F1_N2-A3.NC,2076377.993,194564.758,5711.3,1321.0391,100,0.0,9,100,0,0,100,0.0,167.968,27.8788,6.02494,0.000115276,0.0232667,2,580.2171633,216.036,25.6317,8.42847,2.94295e-05,0.00685067,0,267.8648808,264.187,34.058,7.75697,2.81197e-05,0.00698792,6,-374.5792489,216.324,39.0822,5.5351,3.55314e-05,0.0109541
18.551356,0,MANUAL,TRIGGERED,1,AVAILABLE,UNAVAILABLE,UNAVAILABLE,14,7,PROGRAM_STOPPED,11,F1_N2-A3.NC,F1_N2-A3.NC,2076377.993,194564.758,5711.3,1321.0391,100,0.0,9,100,0,0,100,0.0,167.968,27.8788,6.02494,0.000115276,0.0232667,2,580.2171633,216.036,25.6317,8.42847,2.94295e-05,0.00685067,0,267.8648808,264.187,34.058,7.75697,2.81197e-05,0.00698792,6,-374.5792375,216.324,39.0822,5.5351,3.55314e-05,0.0109541
18.695916,0,MANUAL,TRIGGERED,1,AVAILABLE,UNAVAILABLE,UNAVAILABLE,14,7,PROGRAM_STOPPED,11,F1_N2-A3.NC,F1_N2-A3.NC,2076377.993,194564.758,5711.3,1321.0391,100,0.0,9,100,0,0,100,0.0,167.968,27.8788,6.02494,0.000115276,0.0232667,2,580.2171633,216.036,25.6317,8.42847,2.94295e-05,0.00685067,0,267.8648808,264.187,34.058,7.75697,2.81197e-05,0.00698792,6,-374.5792489,216.324,39.0822,5.5351,3.55314e-05,0.0109541
18.838744,0,MANUAL,TRIGGERED,1,AVAILABLE,UNAVAILABLE,UNAVAILABLE,14,7,PROGRAM_STOPPED,11,F1_N2-A3.NC,F1_N2-A3.NC,2076377.993,194564.758,5711.3,1321.0391,100,0.0,9,100,0,0,100,0.0,167.968,27.8788,6.02494,0.000115276,0.0232667,2,580.2171633,216.036,25.6317,8.42847,2.94295e-05,0.00685067,0,267.8648808,264.187,34.058,7.75697,2.81197e-05,0.00698792,6,-374.5792489,216.324,39.0822,5.5351,3.55314e-05,0.0109541
18.981395,0,MANUAL,TRIGGERED,1,AVAILABLE,UNAVAILABLE,UNAVAILABLE,14,7,PROGRAM_STOPPED,11,F1_N2-A3.NC,F1_N2-A3.NC,2076377.993,194564.758,5711.3,1321.0391,100,0.0,9,100,0,0,100,0.0,167.968,27.8788,6.02494,0.000115276,0.0232667,2,580.2171633,216.036,25.6317,8.42847,2.94295e-05,0.00685067,0,267.8648808,264.187,34.058,7.75697,2.81197e-05,0.00698792,6,-374.5792375,216.324,39.0822,5.5351,3.55314e-05,0.0109541
19.117242,0,MANUAL,TRIGGERED,1,AVAILABLE,UNAVAILABLE,UNAVAILABLE,14,7,PROGRAM_STOPPED,11,F1_N2-A3.NC,F1_N2-A3.NC,2076377.993,194564.758,5711.3,1321.0391,100,0.0,9,100,0,0,100,0.0,167.968,27.8788,6.02494,0.000115276,0.0232667,2,580.2171633,216.036,25.6317,8.42847,2.94295e-05,0.00685067,0,267.8648808,264.187,34.058,7.75697,2.81197e-05,0.00698792,6,-374.5792489,216.324,39.0822,5.5351,3.55314e-05,0.0109541
