Model,Cohort,Split,repeat,n,MCC,PR-AUC,Macro-F1,AUROC,Precision,Recall,Specificity,FPR,FNR,Balanced Accuracy,Brier,NLL,ECE,Calibration intercept,Calibration slope,Worst-group MCC,Worst-group Brier,Worst-group NLL,Group MCC SD,Eligible MCC groups
HBAF,Current nested-threshold,Development OOF,1,563,0.7806402608452518,0.9393257837814794,0.8894674843872705,0.9834934623997689,0.8695652173913043,0.7874015748031497,0.9655963302752294,0.034403669724770644,0.2125984251968504,0.8764989525391895,0.04649108207900568,0.15703065386688553,0.04309809623861462,-0.842428100305992,1.19556094100717,0.0,0.16004683812267667,0.4711867860152936,0.41263674976072384,3
TabM calibrated,Current nested-threshold,Development OOF,1,563,0.5752635526410408,0.9025635585620011,0.7826556065885335,0.9683955789929929,0.7525773195876289,0.5748031496062992,0.944954128440367,0.05504587155963303,0.4251968503937008,0.7598786390233331,0.0691451332005074,0.2821777681792529,0.06245170538425876,-0.9829051548046522,0.4791712489285897,0.0,0.23452815253614523,0.9851432010295563,0.45522929717906985,3
GaussianNB calibrated,Current nested-threshold,Development OOF,1,563,0.5296285582850708,0.7777992312046711,0.7361329922695985,0.9596456692913385,0.8548387096774194,0.41732283464566927,0.9793577981651376,0.020642201834862386,0.5826771653543307,0.6983403164054034,0.05952133970950149,0.19994548257706712,0.05260579869807865,-0.12807946367777312,0.9197242219455919,0.0,0.5806013529392592,1.5929069370950852,0.08015649104026092,3
Global learned fusion,Current nested-threshold,Development OOF,1,563,0.5994950407604325,0.8923526649600282,0.7916432196215013,0.9718630354691902,0.8,0.5669291338582677,0.9587155963302753,0.04128440366972477,0.4330708661417323,0.7628223650942715,0.060015723957125545,0.19267762785040127,0.048474708807298525,-0.7020618487015682,0.9511382085249115,0.0,0.2345255530288548,0.7139957614645753,0.4714045207910317,3
Equal fusion,Current nested-threshold,Development OOF,1,563,0.7041601741262655,0.9433011636898647,0.8451788705282368,0.9849743552698115,0.8829787234042553,0.6535433070866141,0.9747706422018348,0.02522935779816514,0.3464566929133858,0.8141569746442245,0.04372505069686233,0.1492504217422213,0.031142040992955356,-0.5534879457031382,1.3982258849526972,0.0,0.18572102682891214,0.5558069705128258,0.2477411176524022,3
MAP gate,Current nested-threshold,Development OOF,1,563,0.31445837658171305,0.908982493899394,0.6321720108057317,0.9765766091165211,0.38666666666666666,0.6850393700787402,0.6834862385321101,0.3165137614678899,0.31496062992125984,0.6842628043054251,0.06677351522465298,0.2728328895841658,0.07477009583869823,-1.3800909639942138,0.6285199818627571,0.2182178902359924,0.23451567638348297,0.9540015149624983,0.20865097848378383,3
No hierarchy,Current nested-threshold,Development OOF,1,563,0.7842364173361928,0.9084232462874459,0.8920273972602739,0.9730369139637361,0.8455284552845529,0.8188976377952756,0.9564220183486238,0.04357798165137615,0.18110236220472442,0.8876598280719497,0.052055123749163275,0.18140162987903607,0.031100211722908222,-0.40243736965286436,1.1070268294809484,0.0,0.2038634051728579,0.6730363193091569,0.418327243074017,3
Raw TabM,Current nested-threshold,Development OOF,1,563,0.5232777894766962,0.9097401518458841,0.7615981787137165,0.9674384165282092,0.6370967741935484,0.6220472440944882,0.8967889908256881,0.10321100917431193,0.3779527559055118,0.7594181174600881,0.08949254210989449,0.3083664611110642,0.10685098515557276,-1.809687594761616,0.7653147561617819,0.0,0.38812067266055095,1.2060866090799691,0.4714045207910317,3
HBAF,Current nested-threshold,Development OOF,2,563,0.6512242078529454,0.8147055223509849,0.810837630879825,0.9397890630643647,0.6084656084656085,0.905511811023622,0.8302752293577982,0.16972477064220184,0.09448818897637795,0.8678935201907101,0.08957144432780009,0.267861556418396,0.06912991896054918,-0.13601939371188954,0.8872699381287356,-0.12803687993289598,0.4902196763005382,1.303992175421311,0.5042993649181553,3
TabM calibrated,Current nested-threshold,Development OOF,2,563,0.5018038389941047,0.81207452718836,0.7463051845237356,0.9287004262081918,0.5555555555555556,0.7086614173228346,0.8348623853211009,0.1651376146788991,0.29133858267716534,0.7717619013219678,0.11618683928924664,0.44738329252563697,0.1071643316068738,-0.27083033400395107,0.33161733613292316,0.0,0.6025735220804397,2.147080644098826,0.22512721116865683,3
GaussianNB calibrated,Current nested-threshold,Development OOF,2,563,0.6492523742253893,0.687800974420536,0.8237135998330027,0.9255399841074912,0.6950354609929078,0.7716535433070866,0.9013761467889908,0.09862385321100918,0.2283464566929134,0.8365148450480386,0.09384090141863485,0.2926337096306291,0.06768669033977037,-0.058075295056493434,0.9503458645592182,-0.14907119849998599,0.7693789731595885,2.235905793695585,0.18353327641584447,3
Global learned fusion,Current nested-threshold,Development OOF,2,563,0.5992798177053825,0.8363949364776591,0.7815691923557092,0.9392111536516651,0.5656565656565656,0.8818897637795275,0.8027522935779816,0.19724770642201836,0.11811023622047244,0.8423210286787546,0.08578926889167285,0.27083990993272045,0.06637724928076631,-0.20486536757811755,0.8768754491348444,0.0,0.6025737503752596,2.1470602606609193,0.0,3
Equal fusion,Current nested-threshold,Development OOF,2,563,0.626708327798015,0.8056556965935903,0.8004866754866755,0.936231308242433,0.6,0.8740157480314961,0.8302752293577982,0.16972477064220184,0.12598425196850394,0.8521454886946471,0.0942367156822458,0.2797562207321017,0.06441993434622899,-0.09056077305116582,0.8416833043291394,-0.12803687993289598,0.653849435170496,1.7801758416592595,0.5042993649181553,3
MAP gate,Current nested-threshold,Development OOF,2,563,0.5649016140700067,0.814755065624331,0.7737574744422298,0.9398071227335115,0.5771428571428572,0.7952755905511811,0.8302752293577982,0.16972477064220184,0.2047244094488189,0.8127754099544897,0.08958646361729374,0.2681194437569401,0.06937190149833637,-0.13912701687068318,0.8890710224589379,-0.12803687993289598,0.4907349440626181,1.3069880867705552,0.06035716402834569,3
No hierarchy,Current nested-threshold,Development OOF,2,563,0.7050844306465398,0.8280518190692697,0.8279034662339377,0.9489453153218234,0.6105769230769231,1.0,0.8142201834862385,0.18577981651376146,0.0,0.9071100917431192,0.08837305696186894,0.2852837084113802,0.09785148545606913,-0.5519936254490272,0.7545647743899213,0.0,0.4902196763005382,1.303992175421311,0.4714045207910317,3
Raw TabM,Current nested-threshold,Development OOF,2,563,0.6584672596788467,0.8076447150822141,0.8288444677466966,0.9102073250018061,0.7132352941176471,0.7637795275590551,0.9105504587155964,0.08944954128440367,0.23622047244094488,0.8371649931373257,0.13112113033170367,0.4449904612259293,0.13388225879532448,-0.7937851319177293,0.4115872348972046,0.0,0.6192429079745871,1.6448355522022706,0.40863595592985785,3
HBAF,Current nested-threshold,Development OOF,3,563,0.6828251014879855,0.8482821163698194,0.8354919027923534,0.9476991981506899,0.6707317073170732,0.8661417322834646,0.8761467889908257,0.12385321100917432,0.13385826771653545,0.8711442606371451,0.08292265317639826,0.25187317576560597,0.05240170847397315,-0.09119365644744823,1.020095429846221,-0.12803687993289598,0.689449355526563,1.8457245795719295,0.4654412354662466,3
TabM calibrated,Current nested-threshold,Development OOF,3,563,0.5394213950601188,0.7833402276685263,0.7663694780126504,0.8960124250523731,0.5897435897435898,0.7244094488188977,0.8532110091743119,0.14678899082568808,0.2755905511811024,0.7888102289966048,0.09814346031201485,0.3255665775277791,0.04800449690490299,0.1764945771841224,0.7642581063619314,0.0,0.7985139204761329,2.6561084758284776,0.2841608947071138,3
GaussianNB calibrated,Current nested-threshold,Development OOF,3,563,0.6492523742253893,0.7476727358792864,0.8237135998330027,0.9407462255291483,0.6950354609929078,0.7716535433070866,0.9013761467889908,0.09862385321100918,0.2283464566929134,0.8365148450480386,0.08763944472059777,0.26716947571299804,0.06423394562583894,-0.6035743552814525,0.8557172592919612,-0.14907119849998599,0.6223297349317493,1.6644679149543158,0.18353327641584447,3
Global learned fusion,Current nested-threshold,Development OOF,3,563,0.5172849926620708,0.7989847969461283,0.7557792330855566,0.9057285270533844,0.577922077922078,0.7007874015748031,0.8509174311926605,0.14908256880733944,0.2992125984251969,0.7758524163837318,0.09461599043175212,0.3097067247313093,0.052103557819898554,0.20774723457406366,0.8469811305782647,0.0,0.7260446772848042,1.9924420427526532,0.2808078463914107,3
Equal fusion,Current nested-threshold,Development OOF,3,563,0.6828251014879855,0.8724452091855494,0.8354919027923534,0.9533699342628044,0.6707317073170732,0.8661417322834646,0.8761467889908257,0.12385321100917432,0.13385826771653545,0.8711442606371451,0.07240368515277912,0.22980608752355028,0.04072937623560652,0.02670017311834293,1.2910554665821727,-0.12803687993289598,0.7010627690416338,1.8846412530099277,0.4654412354662466,3
MAP gate,Current nested-threshold,Development OOF,3,563,0.5470567740351708,0.780922087615085,0.7721707535473206,0.907209419923427,0.6137931034482759,0.7007874015748031,0.8715596330275229,0.12844036697247707,0.2992125984251969,0.786173517301163,0.10530109310446772,0.33305458168157936,0.06316766291279502,-0.09348694889825954,0.6743167997052931,0.0,0.6543034647237614,1.8209984596596425,0.40948919512634696,3
No hierarchy,Current nested-threshold,Development OOF,3,563,0.6422251594748293,0.8334344687144396,0.8064385060165651,0.9350032507404464,0.6031746031746031,0.8976377952755905,0.8279816513761468,0.1720183486238532,0.10236220472440945,0.8628097233258687,0.08639795307180122,0.27153594423551886,0.040173239344963516,-0.12992509338906366,0.9196942599303931,-0.07273929674533079,0.7976046388790531,2.637572029168722,0.4894510081115453,3
Raw TabM,Current nested-threshold,Development OOF,3,563,0.5456234635253097,0.7690804660691396,0.7677775944563603,0.8866755761034457,0.5828220858895705,0.7480314960629921,0.8440366972477065,0.1559633027522936,0.25196850393700787,0.7960340966553493,0.13501274548596023,0.41167683624254064,0.12734542967930246,-1.0114131491003473,0.5900395519982997,0.0,0.6936116091256149,2.1843017540279717,0.4082712012707957,3
HBAF,Current nested-threshold,Development OOF,4,563,0.5537359835543674,0.8558327651767474,0.7658376014545282,0.9585711189771005,0.5604395604395604,0.8031496062992126,0.8165137614678899,0.1834862385321101,0.1968503937007874,0.8098316838835513,0.087201615078429,0.28725896125702904,0.07638865735852685,-1.0643079352780156,0.8199917287573468,0.0,0.6441610309743316,1.802704772215767,0.0,3
TabM calibrated,Current nested-threshold,Development OOF,4,563,0.5053807036050233,0.9111764792360741,0.7286848347871566,0.9618579787618291,0.4953271028037383,0.8346456692913385,0.7522935779816514,0.24770642201834864,0.16535433070866143,0.793469623636495,0.07626542522639344,0.3406462778929394,0.08743112328873508,-1.3368794469717322,0.4466856320577049,0.0,0.7589666464384689,3.46192019239072,0.4714045207910317,3
GaussianNB calibrated,Current nested-threshold,Development OOF,4,563,0.6112134485714678,0.5885124958366023,0.8002887312324698,0.8963284692624431,0.6257668711656442,0.8031496062992126,0.8600917431192661,0.13990825688073394,0.1968503937007874,0.8316206747092394,0.10068855238540686,0.3122766994424193,0.06937437495989267,-0.6080701151759738,0.8084766812509684,0.0,0.7955212734747774,2.353617997223085,0.13801311186847084,3
Global learned fusion,Current nested-threshold,Development OOF,4,563,0.6080004151685391,0.8570227378767553,0.7984196555342922,0.9541103806978256,0.6219512195121951,0.8031496062992126,0.8577981651376146,0.14220183486238533,0.1968503937007874,0.8304738857184136,0.0740890261355548,0.2454886740867035,0.05245628088400638,-0.6865880531615739,0.9698667055729603,0.0,0.7622721983029318,2.329466748836898,0.0,3
Equal fusion,Current nested-threshold,Development OOF,4,563,0.5509004611952849,0.8651682383298798,0.7640812776723593,0.9589142526908907,0.5573770491803278,0.8031496062992126,0.8142201834862385,0.18577981651376146,0.1968503937007874,0.8086848948927255,0.07885619469795072,0.2528121252368947,0.06366747496763138,-0.9042404270700417,0.9598880004708916,0.0,0.7647460733485779,2.289729529165371,0.0,3
MAP gate,Current nested-threshold,Development OOF,4,563,0.5509004611952849,0.8349183174918496,0.7640812776723593,0.9499385971249007,0.5573770491803278,0.8031496062992126,0.8142201834862385,0.18577981651376146,0.1968503937007874,0.8086848948927255,0.09798427705920973,0.3451171204263483,0.08609774055371582,-1.1019990938756736,0.6378572319976421,0.0,0.6330916043069362,1.7619497378363835,0.0,3
No hierarchy,Current nested-threshold,Development OOF,4,563,0.627632909379761,0.8581917847575016,0.809737780837349,0.9599436538322618,0.6455696202531646,0.8031496062992126,0.8715596330275229,0.12844036697247707,0.1968503937007874,0.8373546196633678,0.08479576288775138,0.2832100400148714,0.08427819480414049,-0.830434817773609,0.8146933020416437,0.0,0.6441610309743316,1.802704772215767,0.0,3
Raw TabM,Current nested-threshold,Development OOF,4,563,0.7482967020175011,0.9082385012159332,0.867930119143157,0.9633208119627249,0.7134146341463414,0.9212598425196851,0.8922018348623854,0.10779816513761468,0.07874015748031496,0.9067308386910352,0.09639811792448144,0.3216777220274201,0.12141532452040023,-1.8423282066738598,0.793423228265818,0.0,0.5020350967621107,1.3639620461515205,0.4714045207910317,3
HBAF,Current nested-threshold,Development OOF,5,563,0.5230256886284559,0.8180111275635034,0.7612383375742153,0.9444123383659611,0.6148148148148148,0.6535433070866141,0.8807339449541285,0.11926605504587157,0.3464566929133858,0.7671386260203713,0.08016781139174288,0.24579939558533137,0.05125473531902783,0.08108684458971982,1.145332702500113,0.0,0.691827433174887,1.8379322963375542,0.18912907922716374,3
TabM calibrated,Current nested-threshold,Development OOF,5,563,0.5965958399179473,0.8597957996563546,0.7973001696069544,0.9329263887885574,0.6549295774647887,0.7322834645669292,0.8876146788990825,0.11238532110091744,0.2677165354330709,0.8099490717330058,0.07891152071410105,0.2985892426207048,0.06307635931699976,0.21695407487064627,0.598960894811067,0.0,0.7066323705072546,2.8717275763857937,0.2841608947071138,3
GaussianNB calibrated,Current nested-threshold,Development OOF,5,563,0.28289724084787565,0.5802871761882716,0.6385950125690317,0.8939265332659105,0.48,0.3779527559055118,0.8807339449541285,0.11926605504587157,0.6220472440944882,0.6293433504298201,0.13042164964142405,0.401445254277349,0.15486510264819897,-0.6123876088718994,0.6749349361507208,0.0,0.6348414275741221,1.6523122968458848,0.0,3
Global learned fusion,Current nested-threshold,Development OOF,5,563,0.5102809948702123,0.814959613849497,0.738315567079612,0.9455139781839197,0.5151515151515151,0.8031496062992126,0.7798165137614679,0.22018348623853212,0.1968503937007874,0.7914830600303402,0.07937888426698644,0.2466567710302756,0.05610561553329594,0.15392818423803206,1.2585102251124713,0.0,0.6359879230953988,1.6187181908247528,0.0,3
Equal fusion,Current nested-threshold,Development OOF,5,563,0.5230256886284559,0.8181453184373768,0.7612383375742153,0.9448096510871922,0.6148148148148148,0.6535433070866141,0.8807339449541285,0.11926605504587157,0.3464566929133858,0.7671386260203713,0.07919052433187862,0.24510492412695462,0.049961003411741686,0.041302418261032196,1.1965627412705329,0.0,0.6506585044319151,1.6967203125610595,0.18912907922716374,3
MAP gate,Current nested-threshold,Development OOF,5,563,0.48797147660958806,0.8104627764989379,0.7439814502149884,0.9350032507404464,0.6015625,0.6062992125984252,0.8830275229357798,0.11697247706422019,0.3937007874015748,0.7446633677671025,0.0854589488732466,0.2657333755478957,0.04813141577369923,0.07866095104500465,0.98659479752013,0.0,0.8327104501665823,2.677215077181998,0.417811946596479,3
No hierarchy,Current nested-threshold,Development OOF,5,563,0.5989001632249207,0.6979942097527854,0.7947162556351101,0.9089431481615257,0.6211180124223602,0.7874015748031497,0.8600917431192661,0.13990825688073394,0.2125984251968504,0.8237466589612079,0.12103916161135145,0.36640929149533596,0.1241029467616715,-0.5515893225009062,0.6381643752324447,0.0,0.6348510401727343,1.650286374066277,0.050985917085339144,3
Raw TabM,Current nested-threshold,Development OOF,5,563,0.5699184004178423,0.8485706911258116,0.7668558282208588,0.9378927978039442,0.5477386934673367,0.8582677165354331,0.7935779816513762,0.20642201834862386,0.14173228346456693,0.8259228490934046,0.10463831252685786,0.332745468552343,0.10169219080518788,-1.2994846296347078,0.7654386285819457,0.262830948856102,0.5671707201436617,1.6057191110723543,0.3021970805555752,3
Dummy — Empirical Prior,Notebook03 nested-threshold,Development OOF,1,563,0.0,0.19777587667983024,0.4364364364364364,0.41141732283464566,,0.0,1.0,0.0,1.0,0.5,0.17833379020860185,0.5439401233125938,0.004735674005753199,-4.502002705865114,-2.6667473317083368,0.0,0.5394894778995365,1.370558859226777,0.0,3
Dummy — Empirical Prior,Notebook03 nested-threshold,Development OOF,2,563,0.0,0.19777587667983024,0.4364364364364364,0.41141732283464566,,0.0,1.0,0.0,1.0,0.5,0.17833379020860185,0.5439401233125938,0.004735674005753143,-4.502002705865117,-2.666747331708339,0.0,0.5394894778995365,1.370558859226777,0.0,3
Dummy — Empirical Prior,Notebook03 nested-threshold,Development OOF,3,563,0.0,0.19777587667983024,0.4364364364364364,0.41141732283464566,,0.0,1.0,0.0,1.0,0.5,0.17833379020860185,0.5439401233125938,0.004735674005753254,-4.502002705865146,-2.666747331708363,0.0,0.5394894778995363,1.3705588592267768,0.0,3
Dummy — Empirical Prior,Notebook03 nested-threshold,Development OOF,4,563,0.0,0.19777587667983024,0.4364364364364364,0.41141732283464566,,0.0,1.0,0.0,1.0,0.5,0.17833379020860182,0.5439401233125938,0.004735674005753199,-4.502002705865151,-2.6667473317083674,0.0,0.5394894778995364,1.3705588592267768,0.0,3
Dummy — Empirical Prior,Notebook03 nested-threshold,Development OOF,5,563,0.0,0.19777587667983024,0.4364364364364364,0.41141732283464566,,0.0,1.0,0.0,1.0,0.5,0.17833379020860185,0.5439401233125938,0.004735674005753143,-4.502002705865113,-2.6667473317083363,0.0,0.5394894778995365,1.370558859226777,0.0,3
Elastic-Net Logistic Regression,Notebook03 nested-threshold,Development OOF,1,563,0.6486934400264152,0.8353838569646463,0.8188665236759611,0.9168713429169978,0.6503067484662577,0.8346456692913385,0.8692660550458715,0.13073394495412843,0.16535433070866143,0.851955862168605,0.08706015898299699,0.30127661717556514,0.053844319948247225,-0.2655601566808254,0.6411268374775332,0.0,0.4289371609075666,1.5392399460206616,0.40826088645134506,3
Elastic-Net Logistic Regression,Notebook03 nested-threshold,Development OOF,2,563,0.4381716041699788,0.7523078498390405,0.7189808263842141,0.9141985118832623,0.5737704918032787,0.5511811023622047,0.8807339449541285,0.11926605504587157,0.44881889763779526,0.7159575236581666,0.10882140543683871,0.32354331737161635,0.07058498918793144,0.29634962066870424,0.7263396730157144,0.2182178902359924,0.5600781029971541,1.512389311812371,0.33081282213785973,3
Elastic-Net Logistic Regression,Notebook03 nested-threshold,Development OOF,3,563,0.4728997887612746,0.5994144009930641,0.725114975114975,0.8165498808061837,0.5081081081081081,0.7401574803149606,0.7912844036697247,0.20871559633027523,0.25984251968503935,0.7657209419923428,0.13935328372226286,0.4517118078161693,0.09472009471417915,-0.01622655210884353,0.5707205046539876,0.4775669329409193,0.5036793654844631,1.8327684727530242,0.21772337581810297,3
Elastic-Net Logistic Regression,Notebook03 nested-threshold,Development OOF,4,563,0.6582506464279769,0.833908933680065,0.8290465473511235,0.9297117676804162,0.7251908396946565,0.7480314960629921,0.9174311926605505,0.08256880733944955,0.25196850393700787,0.8327313443617713,0.07997951033590207,0.2671151772890263,0.06180126807543147,0.33609615641238505,1.147708894298709,0.1700375951120617,0.5156248884337885,1.2703207925362359,0.3388500164683923,3
Elastic-Net Logistic Regression,Notebook03 nested-threshold,Development OOF,5,563,0.5267482847894386,0.6345063071285407,0.7598524639523603,0.8589178646247201,0.5796178343949044,0.7165354330708661,0.8486238532110092,0.15137614678899083,0.28346456692913385,0.7825796431409376,0.11627164235237088,0.3702134818672805,0.0564920040070769,-0.1195818848979097,0.8156254490939208,0.4166216191864911,0.38623569258817675,1.024479444269145,0.24603451182631164,3
Random Forest,Notebook03 nested-threshold,Development OOF,1,563,0.4178577984192108,0.41560551992270883,0.5912562557879146,0.8250198656360616,0.36079545454545453,1.0,0.48394495412844035,0.5160550458715596,0.0,0.7419724770642202,0.1930222947123893,0.8004331019175476,0.23883497753211907,-1.229484757630256,0.2988443271850041,0.0,0.9687057159812811,4.653807167960033,0.41784863956255724,3
Random Forest,Notebook03 nested-threshold,Development OOF,2,563,0.4080230654568725,0.4511089079952339,0.6781943630081166,0.7498013436393846,0.4369369369369369,0.7637795275590551,0.713302752293578,0.286697247706422,0.23622047244094488,0.7385411399263165,0.17639832080356274,0.5502843892018627,0.15951760720244912,-0.7065903694072339,0.3807119815677469,0.0,0.7727877656324926,2.2148817531643394,0.2477411176524022,3
Random Forest,Notebook03 nested-threshold,Development OOF,3,563,0.21270472051433098,0.31988432159091446,0.5127437156610104,0.7043451563967347,0.29651162790697677,0.8031496062992126,0.44495412844036697,0.555045871559633,0.1968503937007874,0.6240518673697898,0.24305033293033376,0.7787676250666108,0.22077196687414097,-1.0658563886278847,0.12472237696346805,0.0,0.8975455856344698,3.168523782051169,0.3086066999241839,3
Random Forest,Notebook03 nested-threshold,Development OOF,4,563,0.44391801294569944,0.37472198350246455,0.7158417453598176,0.7355432348479376,0.5088757396449705,0.6771653543307087,0.8096330275229358,0.19036697247706422,0.3228346456692913,0.7433991909268223,0.21492192789292633,1.66759833964774,0.2365457668196797,-1.2229050846006448,0.11560220387694321,0.0,0.9997807485158385,10.272042356278405,0.17684942794538258,3
Random Forest,Notebook03 nested-threshold,Development OOF,5,563,0.2907084106463198,0.32542162584857814,0.5271152317201405,0.7097811168099399,0.3150684931506849,0.905511811023622,0.42660550458715596,0.573394495412844,0.09448818897637795,0.666058657805389,0.28706616159656884,1.7185360524485875,0.272419755000731,-1.3777743809741947,0.09516254226729318,0.0,0.9994479070950437,9.602932336361548,0.3086066999241839,3
Extra Trees,Notebook03 nested-threshold,Development OOF,1,563,0.5613261206694162,0.4096522871077598,0.7486680717777583,0.8133894387054829,0.5110132158590308,0.9133858267716536,0.7454128440366973,0.2545871559633027,0.08661417322834646,0.8293993354041754,0.19895647102752886,0.5996296881658207,0.22445382274425169,-0.7583612877513914,0.3171800312282534,0.0,0.7559707560443407,2.371643608677908,0.3326318833615706,3
Extra Trees,Notebook03 nested-threshold,Development OOF,2,563,0.5655387511611215,0.6810250965502073,0.7555308133385292,0.8676226251535072,0.5229357798165137,0.8976377952755905,0.7614678899082569,0.23853211009174313,0.10236220472440945,0.8295528425919236,0.12101983654500309,0.3830935326234248,0.1502659557484261,-0.28963777134728314,0.7931709124870231,0.0,0.9134122738367956,3.2558518352593206,0.0,3
Extra Trees,Notebook03 nested-threshold,Development OOF,3,563,0.2178565194868224,0.3095910809059032,0.5133179438532193,0.6948096510871921,0.2976878612716763,0.8110236220472441,0.4426605504587156,0.5573394495412844,0.1889763779527559,0.6268420862529799,0.23818871300539457,0.7915961768581762,0.23202141497715634,-0.9395077526750663,0.1635557454833602,0.0,0.9910177817703517,5.693379298634889,0.3086066999241839,3
Extra Trees,Notebook03 nested-threshold,Development OOF,4,563,0.47364239946522907,0.6956816964860272,0.7323403322956845,0.8740428375352164,0.5370370370370371,0.6850393700787402,0.8279816513761468,0.1720183486238532,0.31496062992125984,0.7565105107274435,0.15155499121806254,0.4804569558794232,0.15076386574460124,-0.47304337390450096,0.42506354116506545,0.0,0.9706013173523348,4.62989950500055,0.1901991340524852,3
Extra Trees,Notebook03 nested-threshold,Development OOF,5,563,0.4221834017225395,0.577015810801644,0.6694607135783606,0.7925666401791519,0.42231075697211157,0.8346456692913385,0.6674311926605505,0.33256880733944955,0.16535433070866143,0.7510384309759446,0.17423296715627298,0.5591346158065345,0.17193795856880084,-0.8424520480055802,0.38352351126967343,0.0,0.9799084720799455,5.386981345447709,0.15713484026367722,3
HistGradientBoosting,Notebook03 nested-threshold,Development OOF,1,563,0.4231036253631625,0.6868165677356113,0.662639353400223,0.8469713934840715,0.4144486692015209,0.8582677165354331,0.6467889908256881,0.3532110091743119,0.14173228346456693,0.7525283536805606,0.20812454726852467,0.7820999747142362,0.22824167132055895,-1.5648878501132382,0.3361114634614914,0.0,0.5387910259538345,2.6603003161434,0.2721655269759087,3
HistGradientBoosting,Notebook03 nested-threshold,Development OOF,2,563,0.49072804217623844,0.5224067686959977,0.6718417816411448,0.7861915769703098,0.4217687074829932,0.9763779527559056,0.6100917431192661,0.38990825688073394,0.023622047244094488,0.7932348479375858,0.15515335030069946,0.47334828796742834,0.10941836913585427,0.8528930847280705,1.30698637294438,0.0,0.5456545278167818,1.4642610043010778,0.14589603651080288,3
HistGradientBoosting,Notebook03 nested-threshold,Development OOF,3,563,-0.22789476822884663,0.2221594716043831,0.33335834162412536,0.4371162320306292,0.1467065868263473,0.3858267716535433,0.3463302752293578,0.6536697247706422,0.6141732283464567,0.36607852344145053,0.24943192144524695,1.0947185891564288,0.2561724844622594,-1.2190335414931284,0.06079411176233417,0.0,0.9894570240450937,5.893023733997076,0.28613169175965075,3
HistGradientBoosting,Notebook03 nested-threshold,Development OOF,4,563,0.4148184835369797,0.4174539934756062,0.5982745199792423,0.7773062197500542,0.36443148688046645,0.984251968503937,0.5,0.5,0.015748031496062992,0.7421259842519685,0.2509278141214472,1.4270592682287209,0.246945587676679,-1.4450638129564293,0.16419822033459003,0.0,0.9994681721556973,8.319970591759168,0.0,3
HistGradientBoosting,Notebook03 nested-threshold,Development OOF,5,563,0.43674920694954644,0.4387635193914085,0.6499608033952369,0.7901466445134724,0.4020618556701031,0.9212598425196851,0.6009174311926605,0.39908256880733944,0.07874015748031496,0.7610886368561728,0.21774562449880505,0.7735268857054646,0.19423707180564292,-1.2258254335361025,0.30691832856619483,-0.1384091330895666,0.9233621441125685,3.610667745340604,0.38653005208457486,3
XGBoost,Notebook03 nested-threshold,Development OOF,1,563,0.5806976070284864,0.7127305013216142,0.7871079963698699,0.8882377374846493,0.6193548387096774,0.7559055118110236,0.8646788990825688,0.1353211009174312,0.2440944881889764,0.8102922054467963,0.11937440970240293,0.3667818481650437,0.1273253911335999,-0.6074447601681154,1.1723098830524061,0.0,0.3054317626150007,0.8270266344903111,0.17025130615174974,3
XGBoost,Notebook03 nested-threshold,Development OOF,2,563,0.21950982138062108,0.5106928088153955,0.5835073977371628,0.7663349707433358,0.33476394849785407,0.6141732283464567,0.6444954128440367,0.3555045871559633,0.3858267716535433,0.6293343205952466,0.15823756133184136,0.4806734243464868,0.09929286814051258,-0.03929306254864008,0.9202846742716634,0.0,0.531889370536583,1.348917422671152,0.0,3
XGBoost,Notebook03 nested-threshold,Development OOF,3,563,0.19111625126984733,0.374758617748505,0.5955459770114943,0.5935581160153146,0.37209302325581395,0.3779527559055118,0.8142201834862385,0.18577981651376146,0.6220472440944882,0.5960864696958752,0.20603612744801636,0.6006044076037854,0.11735573606346679,-0.9648969124237333,0.357516347805882,0.0,0.6290337161953432,1.6355393927855033,0.0,3
XGBoost,Notebook03 nested-threshold,Development OOF,4,563,0.37261917270075934,0.42049930197673774,0.5857706531930409,0.7347666690746225,0.35311572700296734,0.937007874015748,0.5,0.5,0.06299212598425197,0.7185039370078741,0.2429754487425877,0.7338200958731129,0.22316130189602207,-1.1979623829594677,0.38976552560024674,0.0,0.8809298736067884,2.8176090735251034,0.0,3
XGBoost,Notebook03 nested-threshold,Development OOF,5,563,0.43234580110949034,0.38376161430417827,0.6912553727582629,0.7494582099255942,0.4520547945205479,0.7795275590551181,0.7247706422018348,0.27522935779816515,0.2204724409448819,0.7521491006284764,0.22601739761348927,1.0095650738625364,0.23938945599277112,-1.266185143031689,0.24501151827518472,0.0,0.9833738236931977,5.242598935210893,0.1901991340524852,3
LightGBM,Notebook03 nested-threshold,Development OOF,1,563,0.46520486476552014,0.6320337490169653,0.6604605717558667,0.841111030845915,0.41156462585034015,0.952755905511811,0.6032110091743119,0.3967889908256881,0.047244094488188976,0.7779834573430615,0.191778683016328,0.6057989974015691,0.20652723660455471,-1.4241066362232595,0.5274550539392605,0.0,0.4969995033875658,1.5867519637156113,0.1345622379598885,3
LightGBM,Notebook03 nested-threshold,Development OOF,2,563,0.23000569889950928,0.6581152850488917,0.590665132167845,0.8693021743841653,0.34210526315789475,0.6141732283464567,0.6559633027522935,0.3440366972477064,0.3858267716535433,0.6350682655493751,0.15084177042258617,0.45671657736423293,0.10014913376885451,0.8664787359430206,1.293776470054784,0.0,0.5232127110629474,1.39936236908263,0.0,3
LightGBM,Notebook03 nested-threshold,Development OOF,3,563,-0.031013131611312257,0.2712718804464753,0.3188562367130073,0.5437946976811385,0.21929824561403508,0.7874015748031497,0.1834862385321101,0.8165137614678899,0.2125984251968504,0.4854439066676299,0.22352939125345966,0.6579572488850651,0.10907063554597686,-1.0989857315007552,0.17034702969653526,0.0,0.713907242318908,1.9621656650629258,0.1901991340524852,3
LightGBM,Notebook03 nested-threshold,Development OOF,4,563,0.4190126753449892,0.37528139859604104,0.6839228200809621,0.7633099761612367,0.4434389140271493,0.7716535433070866,0.7178899082568807,0.28211009174311924,0.2283464566929134,0.7447717257819837,0.24269135262742603,1.3674666504500363,0.24316069848038754,-1.288557361338863,0.15701186272659853,0.0,0.9993401156848608,8.219358809366431,0.1901991340524852,3
LightGBM,Notebook03 nested-threshold,Development OOF,5,563,0.3393428284991762,0.4814303574778859,0.6620485977718018,0.8107166076717475,0.4350282485875706,0.6062992125984252,0.7706422018348624,0.22935779816513763,0.3937007874015748,0.6884707072166438,0.21534617289405952,0.8983163866396872,0.2202093298449979,-1.081192271826295,0.24212540475953043,0.0,0.9651995369927717,4.683953201891947,0.0,3
CatBoost,Notebook03 nested-threshold,Development OOF,1,563,0.3934391025495063,0.779500049371304,0.6270256818969024,0.9031730838691036,0.38175675675675674,0.889763779527559,0.5802752293577982,0.4197247706422018,0.11023622047244094,0.7350195044426786,0.10095404600295398,0.3375030184181818,0.08614746149888355,-0.40499250407869314,0.7191519524284083,0.0,0.9160178492839042,3.3491489307956512,0.28135740664340325,3
CatBoost,Notebook03 nested-threshold,Development OOF,2,563,0.05343713558576747,0.5693995343263496,0.5241149562450279,0.7701365310987504,0.2608695652173913,0.33070866141732286,0.7270642201834863,0.27293577981651373,0.6692913385826772,0.5288864408004046,0.13565491213649375,0.42519296388639105,0.13203059120323332,-0.04426945397649492,0.5591056643193096,0.0,0.8173201083869852,2.594369692208205,0.2477411176524022,3
CatBoost,Notebook03 nested-threshold,Development OOF,3,563,0.0772737550555726,0.35666613657805346,0.4175615638486926,0.5779455320378529,0.24681933842239187,0.7637795275590551,0.3211009174311927,0.6788990825688074,0.23622047244094488,0.5424402224951239,0.2731840382124132,0.9679826496283791,0.23071326398968334,-1.1556340207255336,0.12506091558651838,0.0,0.8537172497193382,3.4931759233688418,0.40873558486635425,3
CatBoost,Notebook03 nested-threshold,Development OOF,4,563,0.3910419452866405,0.4891489910095058,0.6899590038548614,0.7392906161959113,0.47619047619047616,0.6299212598425197,0.7981651376146789,0.2018348623853211,0.3700787401574803,0.7140431987285993,0.23030065561577537,0.9092529349019561,0.21275056736738374,-0.8616616635638547,0.19814292836492,0.0,0.9650894949332466,4.293733286812981,0.17545990395356129,3
CatBoost,Notebook03 nested-threshold,Development OOF,5,563,0.20692768908473597,0.30594637661395574,0.6034638445423679,0.6746460304847216,0.3858267716535433,0.3858267716535433,0.8211009174311926,0.17889908256880735,0.6141732283464567,0.6034638445423679,0.23982096428612726,0.9232262315340267,0.2144984557370666,-1.0409288428931711,0.15538408552051625,0.0,0.9661787310532334,4.75038154314275,0.14069102233156722,3
Gaussian Naive Bayes,Notebook03 nested-threshold,Development OOF,1,563,0.857095678347726,0.7777992312046711,0.9257865486259051,0.9596456692913385,0.82,0.968503937007874,0.9380733944954128,0.06192660550458716,0.031496062992125984,0.9532886657516434,0.05952133970950149,0.19994548257706712,0.05260579869807865,-0.12807946367777312,0.9197242219455919,0.0,0.5806013529392592,1.5929069370950852,0.41977355372463104,3
Gaussian Naive Bayes,Notebook03 nested-threshold,Development OOF,2,563,0.5912478482993895,0.687800974420536,0.7763005073659759,0.9255399841074912,0.5572139303482587,0.8818897637795275,0.7958715596330275,0.20412844036697247,0.11811023622047244,0.8388806617062775,0.09384090141863485,0.2926337096306291,0.06768669033977037,-0.058075295056493434,0.9503458645592182,0.0,0.7693789731595885,2.235905793695585,0.4714045207910317,3
Gaussian Naive Bayes,Notebook03 nested-threshold,Development OOF,3,563,0.6046209197532052,0.7476727358792864,0.7804020918775016,0.9407462255291483,0.558252427184466,0.905511811023622,0.7912844036697247,0.20871559633027523,0.09448818897637795,0.8483981073466733,0.08763944472059777,0.26716947571299804,0.06423394562583894,-0.6035743552814525,0.8557172592919612,-0.14907119849998599,0.6223297349317493,1.6644679149543158,0.5101837187005848,3
Gaussian Naive Bayes,Notebook03 nested-threshold,Development OOF,4,563,0.6308825663202118,0.5885124958366023,0.7991780397022332,0.8963284692624431,0.5906735751295337,0.8976377952755905,0.8188073394495413,0.1811926605504587,0.10236220472440945,0.8582225673625659,0.10068855238540686,0.3122766994424193,0.06937437495989267,-0.6080701151759738,0.8084766812509684,0.0,0.7955212734747774,2.353617997223085,0.4714045207910317,3
Gaussian Naive Bayes,Notebook03 nested-threshold,Development OOF,5,563,0.6903744755584188,0.5802871761882716,0.8290911638333645,0.8939265332659105,0.6282722513089005,0.9448818897637795,0.8371559633027523,0.1628440366972477,0.05511811023622047,0.891018926533266,0.13042164964142405,0.401445254277349,0.15486510264819897,-0.6123876088718994,0.6749349361507208,0.0,0.6348414275741221,1.6523122968458848,0.4714045207910317,3
Quantile Naive Bayes,Notebook03 nested-threshold,Development OOF,1,563,0.515596457445415,0.5961059433102793,0.7574231508721536,0.7509029834573431,0.6440677966101694,0.5984251968503937,0.9036697247706422,0.0963302752293578,0.4015748031496063,0.751047460810518,0.1384534178851651,0.8050539734033536,0.15971839676963712,-0.9102223653395606,0.1894782994035619,0.0,0.9957755935890393,11.945615059196443,0.13074409009212268,3
Quantile Naive Bayes,Notebook03 nested-threshold,Development OOF,2,563,0.7270783632123767,0.7304771008247328,0.8574110215574393,0.839666257314166,0.8958333333333334,0.6771653543307087,0.9770642201834863,0.022935779816513763,0.3228346456692913,0.8271147872570974,0.13832534431865054,0.4950012492604313,0.17401957916367033,0.08852247918940613,0.6712419916537148,0.0,0.9886692982659323,5.170541662650007,0.22512721116865683,3
Quantile Naive Bayes,Notebook03 nested-threshold,Development OOF,3,563,0.611522740389341,0.5661001323875156,0.8055160216108662,0.7682402658383297,0.7166666666666667,0.6771653543307087,0.9220183486238532,0.0779816513761468,0.3228346456692913,0.799591851477281,0.1490709874809962,0.6733591913150507,0.18358647597049738,-0.9749037594235742,0.20632354071617973,0.0,0.9583948062961043,3.862110015943386,0.1901991340524852,3
Quantile Naive Bayes,Notebook03 nested-threshold,Development OOF,4,563,0.6444691565597581,0.6248604361685928,0.8221071286285393,0.7905620169038503,0.7377049180327869,0.7086614173228346,0.926605504587156,0.07339449541284404,0.29133858267716534,0.8176334609549953,0.12120038583261121,0.74684524470319,0.12415934367590917,-0.7329030435821812,0.2115827490777027,0.0,0.9999999588009453,13.815510557964274,0.22512721116865683,3
Quantile Naive Bayes,Notebook03 nested-threshold,Development OOF,5,563,0.5122950045245943,0.6746207251392914,0.7549208872738284,0.8111229502275519,0.6576576576576577,0.5748031496062992,0.9128440366972477,0.0871559633027523,0.4251968503937008,0.7438235931517734,0.11350862344430722,0.42153028506075346,0.0811380134229949,0.1615266942982536,0.7147974231412484,0.0,0.9808960723502119,4.646197944847828,0.11009637651263607,3
Static TAN Bayesian Network,Notebook03 nested-threshold,Development OOF,1,563,-0.04064211108127089,0.24326128263677393,0.39202227712461024,0.4108665029256664,0.21311475409836064,0.6141732283464567,0.3394495412844037,0.6605504587155964,0.3858267716535433,0.4768113848154302,0.20727097599687422,0.6471082467262207,0.32855054726052324,-1.936681308009522,-0.5230236377030923,-0.20351933162035313,0.66110453145644,2.1041480537386144,0.09593993299420363,3
Static TAN Bayesian Network,Notebook03 nested-threshold,Development OOF,2,563,-0.3208267840053496,0.2018617131637594,0.3392018779342723,0.3780430542512461,0.0,0.0,0.6628440366972477,0.33715596330275227,1.0,0.33142201834862384,0.22256133509192538,1.16465517261254,0.26168964130505096,-1.4052239008517018,-0.04217956080179184,-0.038461538461538464,0.7490854268474296,6.737751167997943,0.018130943107347374,3
Static TAN Bayesian Network,Notebook03 nested-threshold,Development OOF,3,563,0.18479453914214994,0.3024175972200793,0.5593665116707334,0.6008722820197934,0.312,0.6141732283464567,0.6055045871559633,0.3944954128440367,0.3858267716535433,0.6098389077512101,0.20137541023282893,0.5928514786648664,0.17952757371451933,-0.9445044173158941,0.2953739856605762,-0.17541160386140583,0.556875824157394,1.6057373989385768,0.0826898230594723,3
Static TAN Bayesian Network,Notebook03 nested-threshold,Development OOF,4,563,0.23703674870880187,0.352558440947328,0.5899815407689424,0.6373437838618797,0.34177215189873417,0.6377952755905512,0.6422018348623854,0.3577981651376147,0.36220472440944884,0.6399985552264682,0.17592382746264434,0.5312229150516004,0.08212019946377777,-0.6166726289538359,0.5312134220012424,-0.12725695259515554,0.5268971976210886,1.3930497132775637,0.2739328907933142,3
Static TAN Bayesian Network,Notebook03 nested-threshold,Development OOF,5,563,0.3807363610895865,0.37651915922693135,0.6855885154889787,0.6258217149461822,0.4727272727272727,0.6141732283464567,0.8004587155963303,0.19954128440366972,0.3858267716535433,0.7073159719713935,0.18578812046604404,0.6782124467579458,0.20146531756659058,-0.9933322062387943,0.12340641523659814,-0.10482848367219183,0.7282227427481254,3.1705924069289435,0.04941662111074008,3
Dynamic Bayesian Network,Notebook03 nested-threshold,Development OOF,1,563,-0.053879280956467,0.328371189987264,0.45882462098016297,0.5422235064653615,0.19724770642201836,0.33858267716535434,0.5986238532110092,0.4013761467889908,0.6614173228346457,0.46860326518818174,0.22758301324915622,0.7960392847251525,0.20383189094831988,-1.0580763370941348,0.14882552452012082,0.0,0.7150472854947909,2.813476091680742,0.27084752636331483,3
Dynamic Bayesian Network,Notebook03 nested-threshold,Development OOF,2,563,0.17775846883172217,0.2864940252884,0.5852542338004404,0.5306653182113703,0.34146341463414637,0.4409448818897638,0.7522935779816514,0.24770642201834864,0.5590551181102362,0.5966192299357076,0.20288261792268533,0.5990693577116316,0.13570085674915305,-2.722609146807547,-1.0757047877414507,0.0,0.6499616347055124,1.6409388031750476,0.1967477507351859,3
Dynamic Bayesian Network,Notebook03 nested-threshold,Development OOF,3,563,-0.16949871087253107,0.24613626481261622,0.4094551438275239,0.5219063786751427,0.12631578947368421,0.1889763779527559,0.6192660550458715,0.38073394495412843,0.8110236220472441,0.4041212164993137,0.19689297989729757,0.5826087491371448,0.1863245987686965,-1.4006622358921406,-0.12556974024469267,-0.17541160386140583,0.5621572312516516,1.443786715970483,0.0826898230594723,3
Dynamic Bayesian Network,Notebook03 nested-threshold,Development OOF,4,563,-0.18401962668439714,0.17843971276188733,0.39987817877265114,0.2903814202123817,0.12315270935960591,0.1968503937007874,0.591743119266055,0.40825688073394495,0.8031496062992126,0.3942967564834212,0.18771469796945797,0.5774914133410014,0.18896560074180188,-6.903575700273299,-3.6980184432061938,-0.4042260417272216,0.7823411479150802,2.158489143690379,0.25258073516293444,3
Dynamic Bayesian Network,Notebook03 nested-threshold,Development OOF,5,563,0.2669131595156783,0.3743048078213183,0.6152869972666928,0.6193653832261793,0.3696682464454976,0.6141732283464567,0.694954128440367,0.30504587155963303,0.3858267716535433,0.6545636783934119,0.1967931529228338,0.6541300839043426,0.2215140942447647,-0.9267198921463385,0.2728551269617661,-0.17541160386140583,0.7005526217937108,2.550755745517865,0.0826898230594723,3
Tabular ResNet,Notebook03 nested-threshold,Development OOF,1,563,0.49846667999386945,0.5685333573981928,0.739725809022796,0.7984360326518818,0.5307262569832403,0.7480314960629921,0.8073394495412844,0.1926605504587156,0.25196850393700787,0.7776854728021383,0.1863639941188758,0.9228130918391418,0.18993670162515483,-1.1163163335257855,0.2266292198365944,0.0,0.5618407772470956,2.8624675015704155,0.41573970964154905,3
Tabular ResNet,Notebook03 nested-threshold,Development OOF,2,563,0.7889702212135303,0.9070088296769361,0.8914217387950321,0.9587155963302751,0.9142857142857143,0.7559055118110236,0.9793577981651376,0.020642201834862386,0.2440944881889764,0.8676316549880806,0.06225917365593146,0.23127065032811298,0.05210479274864459,0.8066943401955731,0.8219801119698972,0.29277002188455997,0.8729267699496438,3.8736355841873995,0.2942918489359175,3
Tabular ResNet,Notebook03 nested-threshold,Development OOF,3,563,0.25584279545115934,0.32621595566312994,0.6079927318491709,0.6459040670374919,0.3611111111111111,0.6141732283464567,0.6834862385321101,0.3165137614678899,0.3858267716535433,0.6488297334392834,0.2258760122579756,0.8369668267068311,0.1682487325832444,-1.0182892160445052,0.16033489435299741,0.3333333333333333,0.7741481144164385,2.4313522973902635,0.27592523545084435,3
Tabular ResNet,Notebook03 nested-threshold,Development OOF,4,563,0.337146078278231,0.513936090411283,0.6491079205839065,0.7392183775193237,0.4075829383886256,0.6771653543307087,0.713302752293578,0.286697247706422,0.3228346456692913,0.6952340533121433,0.19675596281304975,0.9557835092423942,0.21039837536969205,-0.973767055549061,0.19897167069268568,0.0,0.6687921172296059,3.4872665498085222,0.4145517642383602,3
Tabular ResNet,Notebook03 nested-threshold,Development OOF,5,563,0.5118821341304023,0.6839899876066896,0.7537691823385512,0.8496532543523803,0.6698113207547169,0.5590551181102362,0.9197247706422018,0.08027522935779817,0.4409448818897638,0.7393899443762191,0.11407894464469899,0.44158481583057957,0.07338219718534517,-0.2972380408689758,0.48691583177393577,0.3114510614341045,0.35919871698940353,1.7483387463564748,0.2955249372112854,3
TabM,Notebook03 nested-threshold,Development OOF,1,563,0.7705819270341954,0.9025635585620012,0.8826948671828825,0.9683955789929929,0.76,0.8976377952755905,0.9174311926605505,0.08256880733944955,0.10236220472440945,0.9075344939680705,0.0691451332004446,0.2821777681792529,0.06245176427926525,-0.9829051548046522,0.4791712489285897,0.0,0.23452815253614523,0.9851432010295563,0.4089566551110745,3
TabM,Notebook03 nested-threshold,Development OOF,2,563,0.6248840615623581,0.8120745271883599,0.8119770793784715,0.9287004262081918,0.6861313868613139,0.7401574803149606,0.9013761467889908,0.09862385321100918,0.25984251968503935,0.8207668135519757,0.11618683928912205,0.44738329252563697,0.10716444625711932,-0.27083033400395107,0.33161733613292316,0.0,0.6025735220804397,2.147080644098826,0.4100806770447065,3
TabM,Notebook03 nested-threshold,Development OOF,3,563,0.5557614973735876,0.7833402276685263,0.7755107234966744,0.8960124250523731,0.609271523178808,0.7244094488188977,0.8646788990825688,0.1353211009174312,0.2755905511811024,0.7945441739507333,0.09814346031201485,0.3255665775277791,0.04800449690490299,0.1764945771841224,0.7642581063619314,0.0,0.7985139204761329,2.6561084758284776,0.2400274332743652,3
TabM,Notebook03 nested-threshold,Development OOF,4,563,0.7414416243873889,0.9111764792360744,0.8639032404770782,0.9618579787618291,0.7048192771084337,0.9212598425196851,0.8876146788990825,0.11238532110091744,0.07874015748031496,0.9044372607093838,0.07626542522625082,0.3406462778929394,0.08743124313146744,-1.3368794469717322,0.4466856320577049,0.0,0.7589666464384689,3.46192019239072,0.4714045207910317,3
TabM,Notebook03 nested-threshold,Development OOF,5,563,0.6592798011041835,0.8597957996563546,0.8238606736886015,0.9329263887885574,0.8333333333333334,0.6299212598425197,0.963302752293578,0.03669724770642202,0.3700787401574803,0.7966120060680488,0.07891152071409938,0.2985892426207048,0.0630763606767776,0.21695407487064627,0.598960894811067,0.4166216191864911,0.7066323705072546,2.8717275763857937,0.25068734862864867,3
FT-Transformer,Notebook03 nested-threshold,Development OOF,1,563,0.7108843588577779,0.8220975550800147,0.8493939955141264,0.9261540128584844,0.6890243902439024,0.889763779527559,0.8830275229357798,0.11697247706422019,0.11023622047244094,0.8863956512316694,0.0850428931420416,0.31043879171544453,0.060756068556076286,-0.5911097224882861,0.6847075762549272,0.0,0.5806638389927672,3.557809147847611,0.4084967821072288,3
FT-Transformer,Notebook03 nested-threshold,Development OOF,2,563,0.7579696957914995,0.8168023845678607,0.8774604436369142,0.8927075055984974,0.8648648648648649,0.7559055118110236,0.9655963302752294,0.034403669724770644,0.2440944881889764,0.8607509210431266,0.07578474456508293,0.3981016627865972,0.06874691219020815,0.6772471638028568,0.54818978460906,0.0,0.9996031651532961,8.629288644374897,0.17144816662454657,3
FT-Transformer,Notebook03 nested-threshold,Development OOF,3,563,0.46493173005061933,0.6814143400571946,0.6893727187844836,0.8559018998771942,0.44223107569721115,0.8740157480314961,0.6788990825688074,0.3211009174311927,0.12598425196850394,0.7764574153001518,0.1884203347048213,0.5780681327693082,0.1865328352245918,-0.9409051601039167,0.4629466336384554,0.0,0.9532547258918754,4.950412163065713,0.14589603651080288,3
FT-Transformer,Notebook03 nested-threshold,Development OOF,4,563,0.7187774518126645,0.8224457555729637,0.8513685305000143,0.9293866936357728,0.6823529411764706,0.9133858267716536,0.8761467889908257,0.12385321100917432,0.08661417322834646,0.8947663078812396,0.09705522373662483,0.39229724592877196,0.0889336511011048,-0.478292115441021,0.46070613225950324,0.0,0.9502961173858567,6.616184722598303,0.4714045207910317,3
FT-Transformer,Notebook03 nested-threshold,Development OOF,5,563,0.7079501213855943,0.7027196128724115,0.8506222493630103,0.8967528714873944,0.7077922077922078,0.8582677165354331,0.8967889908256881,0.10321100917431193,0.14173228346456693,0.8775283536805606,0.09639864708416414,0.3854150830214601,0.07708470253455268,-0.4481856219295937,0.5127305537178101,0.0,0.9812841299378271,6.187509892666342,0.10734353145325509,3
Causal TCN,Notebook03 nested-threshold,Development OOF,1,563,0.04203598734286679,0.3959085003543266,0.5123041723477565,0.4732355703243517,0.25,0.3779527559055118,0.6697247706422018,0.3302752293577982,0.6220472440944882,0.5238387632738568,0.3292049162268733,1.489579592510171,0.34630826862893743,-1.2788758277649437,-0.019228572485820467,0.0,0.9251536739987462,6.553094477208633,0.0,3
Causal TCN,Notebook03 nested-threshold,Development OOF,2,563,-0.18168656776523814,0.2503570318729462,0.40349527123483225,0.482301524236076,0.015384615384615385,0.007874015748031496,0.8532110091743119,0.14678899082568808,0.9921259842519685,0.4305425124611717,0.20192632597713162,0.9007859900568742,0.20080368787745273,-1.8942855332479167,-0.227371339548377,0.0,0.8829960577903715,4.863100493904229,0.0,3
Causal TCN,Notebook03 nested-threshold,Development OOF,3,563,0.2848601610993223,0.3890405003967224,0.5350478122283396,0.5454742469117966,1.0,0.10236220472440945,1.0,0.0,0.8976377952755905,0.5511811023622047,0.19130410231093514,0.6504762991968466,0.17421689949441507,-0.7609466691332394,0.19516161373409102,0.0,0.7708299977234356,2.655273496426581,0.13741043164463163,3
Causal TCN,Notebook03 nested-threshold,Development OOF,4,563,0.0,0.24226924520406024,0.4364364364364364,0.5370223217510655,,0.0,1.0,0.0,1.0,0.5,0.2040161637566756,0.9188650140502579,0.16408263712090915,-0.9113952764591148,0.08137995914270957,0.0,0.9829294990028418,7.5384528402650846,0.0,3
Causal TCN,Notebook03 nested-threshold,Development OOF,5,563,0.04203598734286679,0.21862538155371314,0.5123041723477565,0.4357346673408943,0.25,0.3779527559055118,0.6697247706422018,0.3302752293577982,0.6220472440944882,0.5238387632738568,0.20407251822409472,1.6908972743293407,0.14182371757677026,-1.5660129808582721,-0.051228148943554985,0.0,0.9974986518924046,10.635997750681188,0.0,3
InceptionTime,Notebook03 nested-threshold,Development OOF,1,563,-0.07519107077379984,0.18989101736568165,0.4540038791909116,0.41027053384381995,0.18274111675126903,0.28346456692913385,0.6307339449541285,0.36926605504587157,0.7165354330708661,0.45709925594163114,0.19972008935943503,0.7491450536248383,0.1317800771577115,-1.9502972583018505,-0.35484888851390955,0.0,0.7841119376855555,3.2436583992089263,0.15058465048420855,3
InceptionTime,Notebook03 nested-threshold,Development OOF,2,563,-0.11689475004486394,0.17832466577322567,0.3649825028197935,0.3489669869247996,0.18888888888888888,0.5354330708661418,0.3302752293577982,0.6697247706422018,0.4645669291338583,0.43285415011197,0.20959398383431702,0.8961562309287312,0.1498816817976237,-2.1319411441117038,-0.3887494271637309,-0.16807316136320358,0.8346724963049073,4.672181765146493,0.07923044809025472,3
InceptionTime,Notebook03 nested-threshold,Development OOF,3,563,0.06276239259747222,0.38024821142134435,0.5311826725235606,0.3855287871126201,0.27205882352941174,0.29133858267716534,0.7729357798165137,0.22706422018348624,0.7086614173228346,0.5321371812468395,0.18929633929224232,1.7881148615382547,0.19288218838230825,-1.8333921282385548,-0.1029732824035503,-0.16261090889699772,0.9999999928883971,13.815510557964274,0.33928291701476887,3
InceptionTime,Notebook03 nested-threshold,Development OOF,4,563,-0.16414734602939915,0.17668704228410165,0.4117032392894462,0.3290652315249585,0.13020833333333334,0.1968503937007874,0.6169724770642202,0.3830275229357798,0.8031496062992126,0.4069114353825038,0.21362919895091445,0.8601235745467912,0.1773644904292982,-2.7860649142595926,-0.7032735511347448,0.0,0.8271384055797534,4.1643505212871075,0.0,3
InceptionTime,Notebook03 nested-threshold,Development OOF,5,563,0.4919928876235079,0.3847646739771171,0.6931692232326016,0.5516958029328902,0.9318181818181818,0.3228346456692913,0.9931192660550459,0.006880733944954129,0.6771653543307087,0.6579769558621686,0.20185103873713256,0.8194001761357995,0.14536913215839803,-0.9021804030552502,0.10036722197533329,0.12803687993289598,0.7060640756766455,3.3957150171109207,0.38580995369879945,3
PatchTST-style,Notebook03 nested-threshold,Development OOF,1,563,0.2517258286841397,0.3653680889154997,0.6210610047114973,0.5504406559271834,0.3869047619047619,0.5118110236220472,0.7637614678899083,0.23623853211009174,0.4881889763779528,0.6377862457559778,0.1972439599260571,1.127115325508651,0.14960530208546283,-1.7401770262507195,-0.15898630902323066,0.0,0.8429606919262168,7.004775313961629,0.4097349109030912,3
PatchTST-style,Notebook03 nested-threshold,Development OOF,2,563,-0.3975069980485241,0.13116362154996306,0.29712858926342073,0.13413819258831178,0.0,0.0,0.5458715596330275,0.4541284403669725,1.0,0.27293577981651373,0.27070183623612176,1.0713292213878618,0.3354139002543517,-3.7120813199045184,-0.9617428770139314,-1.0,0.8244154523601123,3.996611271226761,0.4714045207910317,3
PatchTST-style,Notebook03 nested-threshold,Development OOF,3,563,-0.10109222028048954,0.18517125812979632,0.3509066135625196,0.4180632810806906,0.19743589743589743,0.6062992125984252,0.28211009174311924,0.7178899082568807,0.3937007874015748,0.4442046521707722,0.3322387604629445,0.9369182541924151,0.36951091302754513,-1.4121360886677765,-0.2827385602205614,-1.0,0.7847860852225482,2.289122253550919,0.6318209500703095,3
PatchTST-style,Notebook03 nested-threshold,Development OOF,4,563,-0.42954239833344415,0.14272209637267128,0.2720639785798587,0.22032796359170703,0.027559055118110236,0.05511811023622047,0.4334862385321101,0.5665137614678899,0.9448818897637795,0.2443021743841653,0.20353542087737847,0.616512557014821,0.2016298700113604,-4.085245381127842,-2.0342252590686534,-1.0,0.627168770480647,1.682968546356548,0.4714045207910317,3
PatchTST-style,Notebook03 nested-threshold,Development OOF,5,563,0.2388299848709413,0.4348017916417639,0.6187358916478556,0.6961821859423535,0.4247787610619469,0.3779527559055118,0.8509174311926605,0.14908256880733944,0.6220472440944882,0.6144350935490861,0.16136818117809096,0.5277446820319183,0.10016859635890783,-0.10936823745630146,0.49257784130744575,-0.1455213750217998,0.7276777900501117,2.2886070108420844,0.5091818809751002,3
